iCharger208B;Outlet
Time [hh:mm:ss.SSS];Voltage [V];Current [A];Capacity [mAh];CellVoltage 1 [V];CellVoltage 2 [V];CellVoltage 3 [V];CellVoltage 4 [V];CellVoltage 5 [V];CellVoltage 6 [V];CellVoltage 7 [V];CellVoltage 8 [V]
00:00.000;4.203;0.37;0.0;0.000;0.000;0.000;0.000;0.000;0.000;0.000;0.000
00:02.000;4.204;0.37;0.0;0.000;0.000;0.000;0.000;0.000;0.000;0.000;0.000
00:04.000;4.196;0.37;0.0;0.000;0.000;0.000;0.000;0.000;0.000;0.000;0.000
00:06.000;4.207;0.36;0.0;0.000;0.000;0.000;0.000;0.000;0.000;0.000;0.000
00:08.000;4.196;0.36;1.0;0.000;0.000;0.000;0.000;0.000;0.000;0.000;0.000
00:10.000;4.196;0.36;1.0;0.000;0.000;0.000;0.000;0.000;0.000;0.000;0.000
00:12.000;4.196;0.36;1.0;0.000;0.000;0.000;0.000;0.000;0.000;0.000;0.000
00:14.000;4.196;0.36;1.0;0.000;0.000;0.000;0.000;0.000;0.000;0.000;0.000
00:16.000;4.196;0.35;1.0;0.000;0.000;0.000;0.000;0.000;0.000;0.000;0.000
00:18.000;4.196;0.35;2.0;0.000;0.000;0.000;0.000;0.000;0.000;0.000;0.000
00:20.000;4.196;0.35;2.0;0.000;0.000;0.000;0.000;0.000;0.000;0.000;0.000
00:22.000;4.196;0.35;2.0;0.000;0.000;0.000;0.000;0.000;0.000;0.000;0.000
00:24.000;4.196;0.35;2.0;0.000;0.000;0.000;0.000;0.000;0.000;0.000;0.000
00:26.000;4.196;0.35;2.0;0.000;0.000;0.000;0.000;0.000;0.000;0.000;0.000
00:28.000;4.196;0.35;3.0;0.000;0.000;0.000;0.000;0.000;0.000;0.000;0.000
00:30.000;4.196;0.35;3.0;0.000;0.000;0.000;0.000;0.000;0.000;0.000;0.000
00:32.000;4.196;0.35;3.0;0.000;0.000;0.000;0.000;0.000;0.000;0.000;0.000
00:34.000;4.196;0.35;3.0;0.000;0.000;0.000;0.000;0.000;0.000;0.000;0.000
00:36.000;4.196;0.35;3.0;0.000;0.000;0.000;0.000;0.000;0.000;0.000;0.000
00:38.000;4.196;0.34;4.0;0.000;0.000;0.000;0.000;0.000;0.000;0.000;0.000
00:40.000;4.196;0.34;4.0;0.000;0.000;0.000;0.000;0.000;0.000;0.000;0.000
00:42.000;4.196;0.34;4.0;0.000;0.000;0.000;0.000;0.000;0.000;0.000;0.000
00:44.000;4.196;0.34;4.0;0.000;0.000;0.000;0.000;0.000;0.000;0.000;0.000
00:46.000;4.196;0.34;4.0;0.000;0.000;0.000;0.000;0.000;0.000;0.000;0.000
00:48.000;4.196;0.34;5.0;0.000;0.000;0.000;0.000;0.000;0.000;0.000;0.000
00:50.000;4.196;0.34;5.0;0.000;0.000;0.000;0.000;0.000;0.000;0.000;0.000
00:52.000;4.196;0.34;5.0;0.000;0.000;0.000;0.000;0.000;0.000;0.000;0.000
00:54.000;4.196;0.34;5.0;0.000;0.000;0.000;0.000;0.000;0.000;0.000;0.000
00:56.000;4.196;0.34;5.0;0.000;0.000;0.000;0.000;0.000;0.000;0.000;0.000
00:58.000;4.196;0.34;6.0;0.000;0.000;0.000;0.000;0.000;0.000;0.000;0.000
01:00.000;4.196;0.34;6.0;0.000;0.000;0.000;0.000;0.000;0.000;0.000;0.000
01:02.000;4.196;0.34;6.0;0.000;0.000;0.000;0.000;0.000;0.000;0.000;0.000
01:04.000;4.196;0.33;6.0;0.000;0.000;0.000;0.000;0.000;0.000;0.000;0.000
01:06.000;4.196;0.33;6.0;0.000;0.000;0.000;0.000;0.000;0.000;0.000;0.000
01:08.000;4.196;0.33;6.0;0.000;0.000;0.000;0.000;0.000;0.000;0.000;0.000
01:10.000;4.196;0.34;7.0;0.000;0.000;0.000;0.000;0.000;0.000;0.000;0.000
01:12.000;4.196;0.33;7.0;0.000;0.000;0.000;0.000;0.000;0.000;0.000;0.000
01:14.000;4.196;0.33;7.0;0.000;0.000;0.000;0.000;0.000;0.000;0.000;0.000
01:16.000;4.196;0.33;7.0;0.000;0.000;0.000;0.000;0.000;0.000;0.000;0.000
01:18.000;4.196;0.33;7.0;0.000;0.000;0.000;0.000;0.000;0.000;0.000;0.000
01:20.000;4.196;0.33;8.0;0.000;0.000;0.000;0.000;0.000;0.000;0.000;0.000
01:22.000;4.196;0.34;8.0;0.000;0.000;0.000;0.000;0.000;0.000;0.000;0.000
01:24.000;4.196;0.33;8.0;0.000;0.000;0.000;0.000;0.000;0.000;0.000;0.000
01:26.000;4.196;0.33;8.0;0.000;0.000;0.000;0.000;0.000;0.000;0.000;0.000
01:28.000;4.196;0.33;8.0;0.000;0.000;0.000;0.000;0.000;0.000;0.000;0.000
01:30.000;4.196;0.33;9.0;0.000;0.000;0.000;0.000;0.000;0.000;0.000;0.000
01:32.000;4.196;0.33;9.0;0.000;0.000;0.000;0.000;0.000;0.000;0.000;0.000
01:34.000;4.196;0.33;9.0;0.000;0.000;0.000;0.000;0.000;0.000;0.000;0.000
01:36.000;4.196;0.33;9.0;0.000;0.000;0.000;0.000;0.000;0.000;0.000;0.000
01:38.000;4.196;0.33;9.0;0.000;0.000;0.000;0.000;0.000;0.000;0.000;0.000
01:40.000;4.196;0.33;9.0;0.000;0.000;0.000;0.000;0.000;0.000;0.000;0.000
01:42.000;4.196;0.33;10.0;0.000;0.000;0.000;0.000;0.000;0.000;0.000;0.000
01:44.000;4.196;0.33;10.0;0.000;0.000;0.000;0.000;0.000;0.000;0.000;0.000
01:46.000;4.196;0.33;10.0;0.000;0.000;0.000;0.000;0.000;0.000;0.000;0.000
01:48.000;4.196;0.32;10.0;0.000;0.000;0.000;0.000;0.000;0.000;0.000;0.000
01:50.000;4.196;0.32;10.0;0.000;0.000;0.000;0.000;0.000;0.000;0.000;0.000
01:52.000;4.196;0.32;11.0;0.000;0.000;0.000;0.000;0.000;0.000;0.000;0.000
01:54.000;4.196;0.32;11.0;0.000;0.000;0.000;0.000;0.000;0.000;0.000;0.000
01:56.000;4.196;0.32;11.0;0.000;0.000;0.000;0.000;0.000;0.000;0.000;0.000
01:58.000;4.196;0.32;11.0;0.000;0.000;0.000;0.000;0.000;0.000;0.000;0.000
02:00.000;4.196;0.33;11.0;0.000;0.000;0.000;0.000;0.000;0.000;0.000;0.000
02:02.000;4.196;0.32;12.0;0.000;0.000;0.000;0.000;0.000;0.000;0.000;0.000
02:04.000;4.196;0.32;12.0;0.000;0.000;0.000;0.000;0.000;0.000;0.000;0.000
02:06.000;4.196;0.32;12.0;0.000;0.000;0.000;0.000;0.000;0.000;0.000;0.000
02:08.000;4.196;0.32;12.0;0.000;0.000;0.000;0.000;0.000;0.000;0.000;0.000
02:10.000;4.196;0.32;12.0;0.000;0.000;0.000;0.000;0.000;0.000;0.000;0.000
02:12.000;4.196;0.32;12.0;0.000;0.000;0.000;0.000;0.000;0.000;0.000;0.000
02:14.000;4.196;0.32;13.0;0.000;0.000;0.000;0.000;0.000;0.000;0.000;0.000
02:16.000;4.196;0.32;13.0;0.000;0.000;0.000;0.000;0.000;0.000;0.000;0.000
02:18.000;4.196;0.32;13.0;0.000;0.000;0.000;0.000;0.000;0.000;0.000;0.000
02:20.000;4.196;0.32;13.0;0.000;0.000;0.000;0.000;0.000;0.000;0.000;0.000
02:22.000;4.196;0.32;13.0;0.000;0.000;0.000;0.000;0.000;0.000;0.000;0.000
02:24.000;4.196;0.32;14.0;0.000;0.000;0.000;0.000;0.000;0.000;0.000;0.000
02:26.000;4.196;0.32;14.0;0.000;0.000;0.000;0.000;0.000;0.000;0.000;0.000
02:28.000;4.196;0.32;14.0;0.000;0.000;0.000;0.000;0.000;0.000;0.000;0.000
02:30.000;4.196;0.32;14.0;0.000;0.000;0.000;0.000;0.000;0.000;0.000;0.000
02:32.000;4.196;0.32;14.0;0.000;0.000;0.000;0.000;0.000;0.000;0.000;0.000
02:34.000;4.196;0.32;14.0;0.000;0.000;0.000;0.000;0.000;0.000;0.000;0.000
02:36.000;4.196;0.31;15.0;0.000;0.000;0.000;0.000;0.000;0.000;0.000;0.000
02:38.000;4.196;0.32;15.0;0.000;0.000;0.000;0.000;0.000;0.000;0.000;0.000
02:40.000;4.196;0.31;15.0;0.000;0.000;0.000;0.000;0.000;0.000;0.000;0.000
02:42.000;4.196;0.31;15.0;0.000;0.000;0.000;0.000;0.000;0.000;0.000;0.000
02:44.000;4.196;0.32;15.0;0.000;0.000;0.000;0.000;0.000;0.000;0.000;0.000
02:46.000;4.196;0.31;15.0;0.000;0.000;0.000;0.000;0.000;0.000;0.000;0.000
02:48.000;4.196;0.31;16.0;0.000;0.000;0.000;0.000;0.000;0.000;0.000;0.000
02:50.000;4.196;0.31;16.0;0.000;0.000;0.000;0.000;0.000;0.000;0.000;0.000
02:52.000;4.196;0.31;16.0;0.000;0.000;0.000;0.000;0.000;0.000;0.000;0.000
02:54.000;4.196;0.31;16.0;0.000;0.000;0.000;0.000;0.000;0.000;0.000;0.000
02:56.000;4.196;0.31;16.0;0.000;0.000;0.000;0.000;0.000;0.000;0.000;0.000
02:58.000;4.196;0.30;17.0;0.000;0.000;0.000;0.000;0.000;0.000;0.000;0.000
03:00.000;4.196;0.30;17.0;0.000;0.000;0.000;0.000;0.000;0.000;0.000;0.000
03:02.000;4.196;0.31;17.0;0.000;0.000;0.000;0.000;0.000;0.000;0.000;0.000
03:04.000;4.196;0.30;17.0;0.000;0.000;0.000;0.000;0.000;0.000;0.000;0.000
03:06.000;4.196;0.30;17.0;0.000;0.000;0.000;0.000;0.000;0.000;0.000;0.000
03:08.000;4.196;0.30;17.0;0.000;0.000;0.000;0.000;0.000;0.000;0.000;0.000
03:10.000;4.196;0.30;18.0;0.000;0.000;0.000;0.000;0.000;0.000;0.000;0.000
03:12.000;4.196;0.30;18.0;0.000;0.000;0.000;0.000;0.000;0.000;0.000;0.000
03:14.000;4.196;0.30;18.0;0.000;0.000;0.000;0.000;0.000;0.000;0.000;0.000
03:16.000;4.196;0.30;18.0;0.000;0.000;0.000;0.000;0.000;0.000;0.000;0.000
03:18.000;4.196;0.30;18.0;0.000;0.000;0.000;0.000;0.000;0.000;0.000;0.000
03:20.000;4.196;0.30;18.0;0.000;0.000;0.000;0.000;0.000;0.000;0.000;0.000
03:22.000;4.196;0.30;19.0;0.000;0.000;0.000;0.000;0.000;0.000;0.000;0.000
03:24.000;4.196;0.30;19.0;0.000;0.000;0.000;0.000;0.000;0.000;0.000;0.000
03:26.000;4.196;0.30;19.0;0.000;0.000;0.000;0.000;0.000;0.000;0.000;0.000
03:28.000;4.196;0.30;19.0;0.000;0.000;0.000;0.000;0.000;0.000;0.000;0.000
03:30.000;4.196;0.30;19.0;0.000;0.000;0.000;0.000;0.000;0.000;0.000;0.000
03:32.000;4.196;0.30;19.0;0.000;0.000;0.000;0.000;0.000;0.000;0.000;0.000
03:34.000;4.196;0.30;20.0;0.000;0.000;0.000;0.000;0.000;0.000;0.000;0.000
03:36.000;4.196;0.30;20.0;0.000;0.000;0.000;0.000;0.000;0.000;0.000;0.000
03:38.000;4.196;0.30;20.0;0.000;0.000;0.000;0.000;0.000;0.000;0.000;0.000
03:40.000;4.196;0.30;20.0;0.000;0.000;0.000;0.000;0.000;0.000;0.000;0.000
03:42.000;4.196;0.29;20.0;0.000;0.000;0.000;0.000;0.000;0.000;0.000;0.000
03:44.000;4.196;0.30;20.0;0.000;0.000;0.000;0.000;0.000;0.000;0.000;0.000
03:46.000;4.196;0.30;21.0;0.000;0.000;0.000;0.000;0.000;0.000;0.000;0.000
03:48.000;4.196;0.29;21.0;0.000;0.000;0.000;0.000;0.000;0.000;0.000;0.000
03:50.000;4.196;0.29;21.0;0.000;0.000;0.000;0.000;0.000;0.000;0.000;0.000
03:52.000;4.196;0.29;21.0;0.000;0.000;0.000;0.000;0.000;0.000;0.000;0.000
03:54.000;4.196;0.29;21.0;0.000;0.000;0.000;0.000;0.000;0.000;0.000;0.000
03:56.000;4.196;0.29;21.0;0.000;0.000;0.000;0.000;0.000;0.000;0.000;0.000
03:58.000;4.196;0.29;22.0;0.000;0.000;0.000;0.000;0.000;0.000;0.000;0.000
04:00.000;4.196;0.30;22.0;0.000;0.000;0.000;0.000;0.000;0.000;0.000;0.000
04:02.000;4.196;0.29;22.0;0.000;0.000;0.000;0.000;0.000;0.000;0.000;0.000
04:04.000;4.196;0.29;22.0;0.000;0.000;0.000;0.000;0.000;0.000;0.000;0.000
04:06.000;4.196;0.29;22.0;0.000;0.000;0.000;0.000;0.000;0.000;0.000;0.000
04:08.000;4.196;0.29;22.0;0.000;0.000;0.000;0.000;0.000;0.000;0.000;0.000
04:10.000;4.196;0.29;23.0;0.000;0.000;0.000;0.000;0.000;0.000;0.000;0.000
04:12.000;4.196;0.29;23.0;0.000;0.000;0.000;0.000;0.000;0.000;0.000;0.000
04:14.000;4.196;0.29;23.0;0.000;0.000;0.000;0.000;0.000;0.000;0.000;0.000
04:16.000;4.196;0.29;23.0;0.000;0.000;0.000;0.000;0.000;0.000;0.000;0.000
04:18.000;4.196;0.29;23.0;0.000;0.000;0.000;0.000;0.000;0.000;0.000;0.000
04:20.000;4.196;0.29;23.0;0.000;0.000;0.000;0.000;0.000;0.000;0.000;0.000
04:22.000;4.196;0.29;24.0;0.000;0.000;0.000;0.000;0.000;0.000;0.000;0.000
04:24.000;4.196;0.28;24.0;0.000;0.000;0.000;0.000;0.000;0.000;0.000;0.000
04:26.000;4.196;0.28;24.0;0.000;0.000;0.000;0.000;0.000;0.000;0.000;0.000
04:28.000;4.196;0.29;24.0;0.000;0.000;0.000;0.000;0.000;0.000;0.000;0.000
04:30.000;4.196;0.29;24.0;0.000;0.000;0.000;0.000;0.000;0.000;0.000;0.000
04:32.000;4.196;0.29;24.0;0.000;0.000;0.000;0.000;0.000;0.000;0.000;0.000
04:34.000;4.196;0.28;25.0;0.000;0.000;0.000;0.000;0.000;0.000;0.000;0.000
04:36.000;4.196;0.28;25.0;0.000;0.000;0.000;0.000;0.000;0.000;0.000;0.000
04:38.000;4.196;0.28;25.0;0.000;0.000;0.000;0.000;0.000;0.000;0.000;0.000
04:40.000;4.196;0.28;25.0;0.000;0.000;0.000;0.000;0.000;0.000;0.000;0.000
04:42.000;4.196;0.28;25.0;0.000;0.000;0.000;0.000;0.000;0.000;0.000;0.000
04:44.000;4.196;0.28;25.0;0.000;0.000;0.000;0.000;0.000;0.000;0.000;0.000
04:46.000;4.196;0.28;26.0;0.000;0.000;0.000;0.000;0.000;0.000;0.000;0.000
04:48.000;4.196;0.28;26.0;0.000;0.000;0.000;0.000;0.000;0.000;0.000;0.000
04:50.000;4.196;0.28;26.0;0.000;0.000;0.000;0.000;0.000;0.000;0.000;0.000
04:52.000;4.196;0.28;26.0;0.000;0.000;0.000;0.000;0.000;0.000;0.000;0.000
04:54.000;4.196;0.28;26.0;0.000;0.000;0.000;0.000;0.000;0.000;0.000;0.000
04:56.000;4.196;0.28;26.0;0.000;0.000;0.000;0.000;0.000;0.000;0.000;0.000
04:58.000;4.196;0.28;26.0;0.000;0.000;0.000;0.000;0.000;0.000;0.000;0.000
05:00.000;4.196;0.28;27.0;0.000;0.000;0.000;0.000;0.000;0.000;0.000;0.000
05:02.000;4.196;0.29;27.0;0.000;0.000;0.000;0.000;0.000;0.000;0.000;0.000
05:04.000;4.196;0.28;27.0;0.000;0.000;0.000;0.000;0.000;0.000;0.000;0.000
05:06.000;4.196;0.28;27.0;0.000;0.000;0.000;0.000;0.000;0.000;0.000;0.000
05:08.000;4.196;0.28;27.0;0.000;0.000;0.000;0.000;0.000;0.000;0.000;0.000
05:10.000;4.196;0.28;27.0;0.000;0.000;0.000;0.000;0.000;0.000;0.000;0.000
05:12.000;4.196;0.28;28.0;0.000;0.000;0.000;0.000;0.000;0.000;0.000;0.000
05:14.000;4.196;0.30;28.0;0.000;0.000;0.000;0.000;0.000;0.000;0.000;0.000
05:16.000;4.196;0.28;28.0;0.000;0.000;0.000;0.000;0.000;0.000;0.000;0.000
05:18.000;4.196;0.28;28.0;0.000;0.000;0.000;0.000;0.000;0.000;0.000;0.000
05:20.000;4.196;0.28;28.0;0.000;0.000;0.000;0.000;0.000;0.000;0.000;0.000
05:22.000;4.196;0.28;28.0;0.000;0.000;0.000;0.000;0.000;0.000;0.000;0.000
05:24.000;4.196;0.28;29.0;0.000;0.000;0.000;0.000;0.000;0.000;0.000;0.000
05:26.000;4.196;0.28;29.0;0.000;0.000;0.000;0.000;0.000;0.000;0.000;0.000
05:28.000;4.196;0.28;29.0;0.000;0.000;0.000;0.000;0.000;0.000;0.000;0.000
05:30.000;4.196;0.28;29.0;0.000;0.000;0.000;0.000;0.000;0.000;0.000;0.000
05:32.000;4.196;0.28;29.0;0.000;0.000;0.000;0.000;0.000;0.000;0.000;0.000
05:34.000;4.196;0.28;29.0;0.000;0.000;0.000;0.000;0.000;0.000;0.000;0.000
05:36.000;4.196;0.28;30.0;0.000;0.000;0.000;0.000;0.000;0.000;0.000;0.000
05:38.000;4.196;0.28;30.0;0.000;0.000;0.000;0.000;0.000;0.000;0.000;0.000
05:40.000;4.196;0.28;30.0;0.000;0.000;0.000;0.000;0.000;0.000;0.000;0.000
05:42.000;4.196;0.28;30.0;0.000;0.000;0.000;0.000;0.000;0.000;0.000;0.000
05:44.000;4.196;0.28;30.0;0.000;0.000;0.000;0.000;0.000;0.000;0.000;0.000
05:46.000;4.196;0.28;30.0;0.000;0.000;0.000;0.000;0.000;0.000;0.000;0.000
05:48.000;4.196;0.28;30.0;0.000;0.000;0.000;0.000;0.000;0.000;0.000;0.000
05:50.000;4.196;0.28;31.0;0.000;0.000;0.000;0.000;0.000;0.000;0.000;0.000
05:52.000;4.196;0.28;31.0;0.000;0.000;0.000;0.000;0.000;0.000;0.000;0.000
05:54.000;4.196;0.28;31.0;0.000;0.000;0.000;0.000;0.000;0.000;0.000;0.000
05:56.000;4.196;0.28;31.0;0.000;0.000;0.000;0.000;0.000;0.000;0.000;0.000
05:58.000;4.196;0.28;31.0;0.000;0.000;0.000;0.000;0.000;0.000;0.000;0.000
06:00.000;4.196;0.28;31.0;0.000;0.000;0.000;0.000;0.000;0.000;0.000;0.000
06:02.000;4.196;0.28;32.0;0.000;0.000;0.000;0.000;0.000;0.000;0.000;0.000
06:04.000;4.196;0.28;32.0;0.000;0.000;0.000;0.000;0.000;0.000;0.000;0.000
06:06.000;4.196;0.28;32.0;0.000;0.000;0.000;0.000;0.000;0.000;0.000;0.000
06:08.000;4.196;0.29;32.0;0.000;0.000;0.000;0.000;0.000;0.000;0.000;0.000
06:10.000;4.196;0.29;32.0;0.000;0.000;0.000;0.000;0.000;0.000;0.000;0.000
06:12.000;4.196;0.28;32.0;0.000;0.000;0.000;0.000;0.000;0.000;0.000;0.000
06:14.000;4.196;0.29;33.0;0.000;0.000;0.000;0.000;0.000;0.000;0.000;0.000
06:16.000;4.196;0.28;33.0;0.000;0.000;0.000;0.000;0.000;0.000;0.000;0.000
06:18.000;4.196;0.28;33.0;0.000;0.000;0.000;0.000;0.000;0.000;0.000;0.000
06:20.000;4.196;0.28;33.0;0.000;0.000;0.000;0.000;0.000;0.000;0.000;0.000
06:22.000;4.196;0.28;33.0;0.000;0.000;0.000;0.000;0.000;0.000;0.000;0.000
06:24.000;4.196;0.28;33.0;0.000;0.000;0.000;0.000;0.000;0.000;0.000;0.000
06:26.000;4.196;0.28;34.0;0.000;0.000;0.000;0.000;0.000;0.000;0.000;0.000
06:28.000;4.196;0.29;34.0;0.000;0.000;0.000;0.000;0.000;0.000;0.000;0.000
06:30.000;4.196;0.28;34.0;0.000;0.000;0.000;0.000;0.000;0.000;0.000;0.000
06:32.000;4.196;0.28;34.0;0.000;0.000;0.000;0.000;0.000;0.000;0.000;0.000
06:34.000;4.196;0.28;34.0;0.000;0.000;0.000;0.000;0.000;0.000;0.000;0.000
06:36.000;4.196;0.28;34.0;0.000;0.000;0.000;0.000;0.000;0.000;0.000;0.000
06:38.000;4.196;0.28;34.0;0.000;0.000;0.000;0.000;0.000;0.000;0.000;0.000
06:40.000;4.196;0.28;35.0;0.000;0.000;0.000;0.000;0.000;0.000;0.000;0.000
06:42.000;4.196;0.28;35.0;0.000;0.000;0.000;0.000;0.000;0.000;0.000;0.000
06:44.000;4.196;0.28;35.0;0.000;0.000;0.000;0.000;0.000;0.000;0.000;0.000
06:46.000;4.196;0.28;35.0;0.000;0.000;0.000;0.000;0.000;0.000;0.000;0.000
06:48.000;4.196;0.28;35.0;0.000;0.000;0.000;0.000;0.000;0.000;0.000;0.000
06:50.000;4.196;0.28;35.0;0.000;0.000;0.000;0.000;0.000;0.000;0.000;0.000
06:52.000;4.196;0.28;36.0;0.000;0.000;0.000;0.000;0.000;0.000;0.000;0.000
06:54.000;4.196;0.28;36.0;0.000;0.000;0.000;0.000;0.000;0.000;0.000;0.000
06:56.000;4.196;0.28;36.0;0.000;0.000;0.000;0.000;0.000;0.000;0.000;0.000
06:58.000;4.196;0.28;36.0;0.000;0.000;0.000;0.000;0.000;0.000;0.000;0.000
07:00.000;4.196;0.28;36.0;0.000;0.000;0.000;0.000;0.000;0.000;0.000;0.000
07:02.000;4.196;0.28;36.0;0.000;0.000;0.000;0.000;0.000;0.000;0.000;0.000
07:04.000;4.196;0.28;37.0;0.000;0.000;0.000;0.000;0.000;0.000;0.000;0.000
07:06.000;4.196;0.28;37.0;0.000;0.000;0.000;0.000;0.000;0.000;0.000;0.000
07:08.000;4.196;0.28;37.0;0.000;0.000;0.000;0.000;0.000;0.000;0.000;0.000
07:10.000;4.196;0.28;37.0;0.000;0.000;0.000;0.000;0.000;0.000;0.000;0.000
07:12.000;4.196;0.28;37.0;0.000;0.000;0.000;0.000;0.000;0.000;0.000;0.000
07:14.000;4.196;0.28;37.0;0.000;0.000;0.000;0.000;0.000;0.000;0.000;0.000
07:16.000;4.196;0.28;38.0;0.000;0.000;0.000;0.000;0.000;0.000;0.000;0.000
07:18.000;4.196;0.28;38.0;0.000;0.000;0.000;0.000;0.000;0.000;0.000;0.000
07:20.000;4.196;0.28;38.0;0.000;0.000;0.000;0.000;0.000;0.000;0.000;0.000
07:22.000;4.196;0.28;38.0;0.000;0.000;0.000;0.000;0.000;0.000;0.000;0.000
07:24.000;4.196;0.28;38.0;0.000;0.000;0.000;0.000;0.000;0.000;0.000;0.000
07:26.000;4.196;0.28;38.0;0.000;0.000;0.000;0.000;0.000;0.000;0.000;0.000
07:28.000;4.196;0.28;38.0;0.000;0.000;0.000;0.000;0.000;0.000;0.000;0.000
07:30.000;4.196;0.28;39.0;0.000;0.000;0.000;0.000;0.000;0.000;0.000;0.000
07:32.000;4.196;0.28;39.0;0.000;0.000;0.000;0.000;0.000;0.000;0.000;0.000
07:34.000;4.196;0.28;39.0;0.000;0.000;0.000;0.000;0.000;0.000;0.000;0.000
07:36.000;4.196;0.28;39.0;0.000;0.000;0.000;0.000;0.000;0.000;0.000;0.000
07:38.000;4.196;0.28;39.0;0.000;0.000;0.000;0.000;0.000;0.000;0.000;0.000
07:40.000;4.196;0.28;39.0;0.000;0.000;0.000;0.000;0.000;0.000;0.000;0.000
07:42.000;4.196;0.28;40.0;0.000;0.000;0.000;0.000;0.000;0.000;0.000;0.000
07:44.000;4.196;0.28;40.0;0.000;0.000;0.000;0.000;0.000;0.000;0.000;0.000
07:46.000;4.196;0.27;40.0;0.000;0.000;0.000;0.000;0.000;0.000;0.000;0.000
07:48.000;4.196;0.28;40.0;0.000;0.000;0.000;0.000;0.000;0.000;0.000;0.000
07:50.000;4.196;0.27;40.0;0.000;0.000;0.000;0.000;0.000;0.000;0.000;0.000
07:52.000;4.196;0.27;40.0;0.000;0.000;0.000;0.000;0.000;0.000;0.000;0.000
07:54.000;4.196;0.27;40.0;0.000;0.000;0.000;0.000;0.000;0.000;0.000;0.000
07:56.000;4.196;0.27;41.0;0.000;0.000;0.000;0.000;0.000;0.000;0.000;0.000
07:58.000;4.196;0.27;41.0;0.000;0.000;0.000;0.000;0.000;0.000;0.000;0.000
08:00.000;4.196;0.27;41.0;0.000;0.000;0.000;0.000;0.000;0.000;0.000;0.000
08:02.000;4.196;0.28;41.0;0.000;0.000;0.000;0.000;0.000;0.000;0.000;0.000
08:04.000;4.196;0.27;41.0;0.000;0.000;0.000;0.000;0.000;0.000;0.000;0.000
08:06.000;4.196;0.27;41.0;0.000;0.000;0.000;0.000;0.000;0.000;0.000;0.000
08:08.000;4.196;0.27;42.0;0.000;0.000;0.000;0.000;0.000;0.000;0.000;0.000
08:10.000;4.196;0.27;42.0;0.000;0.000;0.000;0.000;0.000;0.000;0.000;0.000
08:12.000;4.196;0.27;42.0;0.000;0.000;0.000;0.000;0.000;0.000;0.000;0.000
08:14.000;4.196;0.27;42.0;0.000;0.000;0.000;0.000;0.000;0.000;0.000;0.000
08:16.000;4.196;0.27;42.0;0.000;0.000;0.000;0.000;0.000;0.000;0.000;0.000
08:18.000;4.196;0.27;42.0;0.000;0.000;0.000;0.000;0.000;0.000;0.000;0.000
08:20.000;4.196;0.27;42.0;0.000;0.000;0.000;0.000;0.000;0.000;0.000;0.000
08:22.000;4.196;0.27;43.0;0.000;0.000;0.000;0.000;0.000;0.000;0.000;0.000
08:24.000;4.196;0.27;43.0;0.000;0.000;0.000;0.000;0.000;0.000;0.000;0.000
08:26.000;4.196;0.27;43.0;0.000;0.000;0.000;0.000;0.000;0.000;0.000;0.000
08:28.000;4.196;0.27;43.0;0.000;0.000;0.000;0.000;0.000;0.000;0.000;0.000
08:30.000;4.196;0.27;43.0;0.000;0.000;0.000;0.000;0.000;0.000;0.000;0.000
08:32.000;4.196;0.27;43.0;0.000;0.000;0.000;0.000;0.000;0.000;0.000;0.000
08:34.000;4.196;0.27;44.0;0.000;0.000;0.000;0.000;0.000;0.000;0.000;0.000
08:36.000;4.196;0.27;44.0;0.000;0.000;0.000;0.000;0.000;0.000;0.000;0.000
08:38.000;4.196;0.27;44.0;0.000;0.000;0.000;0.000;0.000;0.000;0.000;0.000
08:40.000;4.196;0.27;44.0;0.000;0.000;0.000;0.000;0.000;0.000;0.000;0.000
08:42.000;4.196;0.27;44.0;0.000;0.000;0.000;0.000;0.000;0.000;0.000;0.000
08:44.000;4.196;0.27;44.0;0.000;0.000;0.000;0.000;0.000;0.000;0.000;0.000
08:46.000;4.196;0.27;44.0;0.000;0.000;0.000;0.000;0.000;0.000;0.000;0.000
08:48.000;4.196;0.26;45.0;0.000;0.000;0.000;0.000;0.000;0.000;0.000;0.000
08:50.000;4.196;0.26;45.0;0.000;0.000;0.000;0.000;0.000;0.000;0.000;0.000
08:52.000;4.196;0.26;45.0;0.000;0.000;0.000;0.000;0.000;0.000;0.000;0.000
08:54.000;4.196;0.26;45.0;0.000;0.000;0.000;0.000;0.000;0.000;0.000;0.000
08:56.000;4.196;0.26;45.0;0.000;0.000;0.000;0.000;0.000;0.000;0.000;0.000
08:58.000;4.196;0.26;45.0;0.000;0.000;0.000;0.000;0.000;0.000;0.000;0.000
09:00.000;4.196;0.26;46.0;0.000;0.000;0.000;0.000;0.000;0.000;0.000;0.000
09:02.000;4.196;0.26;46.0;0.000;0.000;0.000;0.000;0.000;0.000;0.000;0.000
09:04.000;4.196;0.26;46.0;0.000;0.000;0.000;0.000;0.000;0.000;0.000;0.000
09:06.000;4.196;0.26;46.0;0.000;0.000;0.000;0.000;0.000;0.000;0.000;0.000
09:08.000;4.196;0.26;46.0;0.000;0.000;0.000;0.000;0.000;0.000;0.000;0.000
09:10.000;4.196;0.26;46.0;0.000;0.000;0.000;0.000;0.000;0.000;0.000;0.000
09:12.000;4.196;0.26;46.0;0.000;0.000;0.000;0.000;0.000;0.000;0.000;0.000
09:14.000;4.196;0.26;47.0;0.000;0.000;0.000;0.000;0.000;0.000;0.000;0.000
09:16.000;4.196;0.26;47.0;0.000;0.000;0.000;0.000;0.000;0.000;0.000;0.000
09:18.000;4.196;0.26;47.0;0.000;0.000;0.000;0.000;0.000;0.000;0.000;0.000
09:20.000;4.196;0.26;47.0;0.000;0.000;0.000;0.000;0.000;0.000;0.000;0.000
09:22.000;4.196;0.26;47.0;0.000;0.000;0.000;0.000;0.000;0.000;0.000;0.000
09:24.000;4.196;0.26;47.0;0.000;0.000;0.000;0.000;0.000;0.000;0.000;0.000
09:26.000;4.196;0.25;47.0;0.000;0.000;0.000;0.000;0.000;0.000;0.000;0.000
09:28.000;4.196;0.26;48.0;0.000;0.000;0.000;0.000;0.000;0.000;0.000;0.000
09:30.000;4.207;0.26;48.0;0.000;0.000;0.000;0.000;0.000;0.000;0.000;0.000
09:32.000;4.196;0.26;48.0;0.000;0.000;0.000;0.000;0.000;0.000;0.000;0.000
09:34.000;4.196;0.25;48.0;0.000;0.000;0.000;0.000;0.000;0.000;0.000;0.000
09:36.000;4.196;0.25;48.0;0.000;0.000;0.000;0.000;0.000;0.000;0.000;0.000
09:38.000;4.196;0.25;48.0;0.000;0.000;0.000;0.000;0.000;0.000;0.000;0.000
09:40.000;4.207;0.25;48.0;0.000;0.000;0.000;0.000;0.000;0.000;0.000;0.000
09:42.000;4.196;0.25;49.0;0.000;0.000;0.000;0.000;0.000;0.000;0.000;0.000
09:44.000;4.196;0.25;49.0;0.000;0.000;0.000;0.000;0.000;0.000;0.000;0.000
09:46.000;4.196;0.24;49.0;0.000;0.000;0.000;0.000;0.000;0.000;0.000;0.000
09:48.000;4.203;0.24;49.0;0.000;0.000;0.000;0.000;0.000;0.000;0.000;0.000
09:50.000;4.196;0.24;49.0;0.000;0.000;0.000;0.000;0.000;0.000;0.000;0.000
09:52.000;4.196;0.24;49.0;0.000;0.000;0.000;0.000;0.000;0.000;0.000;0.000
09:54.000;4.196;0.24;49.0;0.000;0.000;0.000;0.000;0.000;0.000;0.000;0.000
09:56.000;4.196;0.24;50.0;0.000;0.000;0.000;0.000;0.000;0.000;0.000;0.000
09:58.000;4.196;0.24;50.0;0.000;0.000;0.000;0.000;0.000;0.000;0.000;0.000
10:00.000;4.196;0.24;50.0;0.000;0.000;0.000;0.000;0.000;0.000;0.000;0.000
10:02.000;4.196;0.24;50.0;0.000;0.000;0.000;0.000;0.000;0.000;0.000;0.000
10:04.000;4.195;0.24;50.0;0.000;0.000;0.000;0.000;0.000;0.000;0.000;0.000
10:06.000;4.196;0.24;50.0;0.000;0.000;0.000;0.000;0.000;0.000;0.000;0.000
10:08.000;4.196;0.24;50.0;0.000;0.000;0.000;0.000;0.000;0.000;0.000;0.000
10:10.000;4.203;0.23;50.0;0.000;0.000;0.000;0.000;0.000;0.000;0.000;0.000
10:12.000;4.203;0.23;51.0;0.000;0.000;0.000;0.000;0.000;0.000;0.000;0.000
10:14.000;4.196;0.23;51.0;0.000;0.000;0.000;0.000;0.000;0.000;0.000;0.000
10:16.000;4.196;0.23;51.0;0.000;0.000;0.000;0.000;0.000;0.000;0.000;0.000
10:18.000;4.196;0.23;51.0;0.000;0.000;0.000;0.000;0.000;0.000;0.000;0.000
10:20.000;4.196;0.23;51.0;0.000;0.000;0.000;0.000;0.000;0.000;0.000;0.000
10:22.000;4.196;0.23;51.0;0.000;0.000;0.000;0.000;0.000;0.000;0.000;0.000
10:24.000;4.196;0.23;51.0;0.000;0.000;0.000;0.000;0.000;0.000;0.000;0.000
10:26.000;4.196;0.23;52.0;0.000;0.000;0.000;0.000;0.000;0.000;0.000;0.000
10:28.000;4.202;0.22;52.0;0.000;0.000;0.000;0.000;0.000;0.000;0.000;0.000
10:30.000;4.207;0.22;52.0;0.000;0.000;0.000;0.000;0.000;0.000;0.000;0.000
10:32.000;4.196;0.22;52.0;0.000;0.000;0.000;0.000;0.000;0.000;0.000;0.000
10:34.000;4.196;0.22;52.0;0.000;0.000;0.000;0.000;0.000;0.000;0.000;0.000
10:36.000;4.206;0.22;52.0;0.000;0.000;0.000;0.000;0.000;0.000;0.000;0.000
10:38.000;4.196;0.22;52.0;0.000;0.000;0.000;0.000;0.000;0.000;0.000;0.000
10:40.000;4.196;0.22;52.0;0.000;0.000;0.000;0.000;0.000;0.000;0.000;0.000
10:42.000;4.196;0.22;53.0;0.000;0.000;0.000;0.000;0.000;0.000;0.000;0.000
10:44.000;4.195;0.21;53.0;0.000;0.000;0.000;0.000;0.000;0.000;0.000;0.000
10:46.000;4.196;0.22;53.0;0.000;0.000;0.000;0.000;0.000;0.000;0.000;0.000
10:48.000;4.195;0.21;53.0;0.000;0.000;0.000;0.000;0.000;0.000;0.000;0.000
10:50.000;4.195;0.20;53.0;0.000;0.000;0.000;0.000;0.000;0.000;0.000;0.000
10:52.000;4.207;0.22;53.0;0.000;0.000;0.000;0.000;0.000;0.000;0.000;0.000
10:54.000;4.196;0.22;53.0;0.000;0.000;0.000;0.000;0.000;0.000;0.000;0.000
10:56.000;4.196;0.22;53.0;0.000;0.000;0.000;0.000;0.000;0.000;0.000;0.000
10:58.000;4.196;0.21;54.0;0.000;0.000;0.000;0.000;0.000;0.000;0.000;0.000
11:00.000;4.196;0.21;54.0;0.000;0.000;0.000;0.000;0.000;0.000;0.000;0.000
11:02.000;4.196;0.21;54.0;0.000;0.000;0.000;0.000;0.000;0.000;0.000;0.000
11:04.000;4.196;0.20;54.0;0.000;0.000;0.000;0.000;0.000;0.000;0.000;0.000
11:06.000;4.195;0.21;54.0;0.000;0.000;0.000;0.000;0.000;0.000;0.000;0.000
11:08.000;4.196;0.21;54.0;0.000;0.000;0.000;0.000;0.000;0.000;0.000;0.000
11:10.000;4.196;0.21;54.0;0.000;0.000;0.000;0.000;0.000;0.000;0.000;0.000
11:12.000;4.196;0.20;54.0;0.000;0.000;0.000;0.000;0.000;0.000;0.000;0.000
11:14.000;4.202;0.21;55.0;0.000;0.000;0.000;0.000;0.000;0.000;0.000;0.000
11:16.000;4.196;0.21;55.0;0.000;0.000;0.000;0.000;0.000;0.000;0.000;0.000
11:18.000;4.195;0.20;55.0;0.000;0.000;0.000;0.000;0.000;0.000;0.000;0.000
11:20.000;4.196;0.21;55.0;0.000;0.000;0.000;0.000;0.000;0.000;0.000;0.000
11:22.000;4.204;0.21;55.0;0.000;0.000;0.000;0.000;0.000;0.000;0.000;0.000
11:24.000;4.196;0.22;55.0;0.000;0.000;0.000;0.000;0.000;0.000;0.000;0.000
11:26.000;4.195;0.21;55.0;0.000;0.000;0.000;0.000;0.000;0.000;0.000;0.000
11:28.000;4.206;0.21;55.0;0.000;0.000;0.000;0.000;0.000;0.000;0.000;0.000
11:30.000;4.202;0.22;55.0;0.000;0.000;0.000;0.000;0.000;0.000;0.000;0.000
11:32.000;4.199;0.21;56.0;0.000;0.000;0.000;0.000;0.000;0.000;0.000;0.000
11:34.000;4.196;0.21;56.0;0.000;0.000;0.000;0.000;0.000;0.000;0.000;0.000
11:36.000;4.195;0.21;56.0;0.000;0.000;0.000;0.000;0.000;0.000;0.000;0.000
11:38.000;4.195;0.21;56.0;0.000;0.000;0.000;0.000;0.000;0.000;0.000;0.000
11:40.000;4.196;0.21;56.0;0.000;0.000;0.000;0.000;0.000;0.000;0.000;0.000
11:42.000;4.199;0.21;56.0;0.000;0.000;0.000;0.000;0.000;0.000;0.000;0.000
11:44.000;4.202;0.21;56.0;0.000;0.000;0.000;0.000;0.000;0.000;0.000;0.000
11:46.000;4.202;0.21;56.0;0.000;0.000;0.000;0.000;0.000;0.000;0.000;0.000
11:48.000;4.195;0.21;57.0;0.000;0.000;0.000;0.000;0.000;0.000;0.000;0.000
11:50.000;4.196;0.21;57.0;0.000;0.000;0.000;0.000;0.000;0.000;0.000;0.000
11:52.000;4.200;0.21;57.0;0.000;0.000;0.000;0.000;0.000;0.000;0.000;0.000
11:54.000;4.196;0.22;57.0;0.000;0.000;0.000;0.000;0.000;0.000;0.000;0.000
11:56.000;4.196;0.21;57.0;0.000;0.000;0.000;0.000;0.000;0.000;0.000;0.000
11:58.000;4.195;0.21;57.0;0.000;0.000;0.000;0.000;0.000;0.000;0.000;0.000
12:00.000;4.203;0.21;57.0;0.000;0.000;0.000;0.000;0.000;0.000;0.000;0.000
12:02.000;4.204;0.21;57.0;0.000;0.000;0.000;0.000;0.000;0.000;0.000;0.000
12:04.000;4.196;0.20;58.0;0.000;0.000;0.000;0.000;0.000;0.000;0.000;0.000
12:06.000;4.196;0.20;58.0;0.000;0.000;0.000;0.000;0.000;0.000;0.000;0.000
12:08.000;4.195;0.21;58.0;0.000;0.000;0.000;0.000;0.000;0.000;0.000;0.000
12:10.000;4.204;0.20;58.0;0.000;0.000;0.000;0.000;0.000;0.000;0.000;0.000
12:12.000;4.196;0.21;58.0;0.000;0.000;0.000;0.000;0.000;0.000;0.000;0.000
12:14.000;4.196;0.21;58.0;0.000;0.000;0.000;0.000;0.000;0.000;0.000;0.000
12:16.000;4.203;0.21;58.0;0.000;0.000;0.000;0.000;0.000;0.000;0.000;0.000
12:18.000;4.206;0.20;58.0;0.000;0.000;0.000;0.000;0.000;0.000;0.000;0.000
12:20.000;4.195;0.20;58.0;0.000;0.000;0.000;0.000;0.000;0.000;0.000;0.000
12:22.000;4.195;0.20;59.0;0.000;0.000;0.000;0.000;0.000;0.000;0.000;0.000
12:24.000;4.196;0.20;59.0;0.000;0.000;0.000;0.000;0.000;0.000;0.000;0.000
12:26.000;4.200;0.19;59.0;0.000;0.000;0.000;0.000;0.000;0.000;0.000;0.000
12:28.000;4.195;0.19;59.0;0.000;0.000;0.000;0.000;0.000;0.000;0.000;0.000
12:30.000;4.203;0.20;59.0;0.000;0.000;0.000;0.000;0.000;0.000;0.000;0.000
12:32.000;4.196;0.19;59.0;0.000;0.000;0.000;0.000;0.000;0.000;0.000;0.000
12:34.000;4.200;0.18;59.0;0.000;0.000;0.000;0.000;0.000;0.000;0.000;0.000
