Zeit [s],Input [V],Voltage accu [V],Current [A],Capacity [mAh],Power [W],Energy [Wh],Cell 1 [V],Cell 2 [V],Cell 3 [V],Cell 4 [V],Cell 5 [V],Cell 6 [V],Int. Temperatur [�C],Ext. Temperatur [�C]
0,11.873,7.129,0.52,0,3.707,0.002,0,0,0,0,0,0,32.8,0
2,11.846,7.164,0.6,0,4.298,0.004,0,0,0,0,0,0,32.8,0
4,11.853,7.182,0.59,0,4.237,0.007,0,0,0,0,0,0,32.8,0
6,11.846,7.189,0.59,1,4.242,0.009,0,0,0,0,0,0,33.2,0
8,11.846,7.206,0.6,1,4.324,0.012,0,0,0,0,0,0,33.5,0
10,11.853,7.206,0.59,1,4.252,0.014,0,0,0,0,0,0,33.7,0.1
12,11.853,7.206,0.59,2,4.252,0.016,0,0,0,0,0,0,33.7,0
14,11.853,7.211,0.59,2,4.254,0.019,0,0,0,0,0,0,33.7,0
16,11.859,7.214,0.59,2,4.256,0.021,0,0,0,0,0,0,33.7,0
18,11.853,7.219,0.59,3,4.259,0.023,0,0,0,0,0,0,33.7,0
20,11.853,7.222,0.59,3,4.261,0.026,0,0,0,0,0,0,34,0
22,11.846,7.222,0.59,3,4.261,0.028,0,0,0,0,0,0,34.2,0
24,11.846,7.222,0.59,4,4.261,0.03,0,0,0,0,0,0,34.4,0
26,11.846,7.222,0.59,4,4.261,0.033,0,0,0,0,0,0,34.7,0
28,11.846,7.228,0.6,4,4.337,0.035,0,0,0,0,0,0,34.7,0.1
30,11.846,7.233,0.59,5,4.267,0.038,0,0,0,0,0,0,34.7,0.1
32,11.846,7.232,0.59,5,4.267,0.04,0,0,0,0,0,0,34.7,0
34,11.846,7.237,0.59,5,4.27,0.042,0,0,0,0,0,0,34.7,0.1
36,11.853,7.236,0.59,6,4.269,0.045,0,0,0,0,0,0,34.7,0
38,11.846,7.245,0.6,6,4.347,0.047,0,0,0,0,0,0,34.7,0
40,11.853,7.241,0.59,6,4.272,0.05,0,0,0,0,0,0,34.7,0
42,11.846,7.241,0.6,7,4.345,0.052,0,0,0,0,0,0,34.9,0
44,11.846,7.241,0.6,7,4.345,0.054,0,0,0,0,0,0,34.9,0
46,11.846,7.237,0.59,7,4.27,0.057,0,0,0,0,0,0,35.1,0
48,11.853,7.245,0.59,8,4.275,0.059,0,0,0,0,0,0,35.4,0
50,11.853,7.245,0.6,8,4.347,0.062,0,0,0,0,0,0,35.4,0
52,11.846,7.249,0.59,8,4.277,0.064,0,0,0,0,0,0,35.6,0
54,11.846,7.258,0.6,9,4.355,0.066,0,0,0,0,0,0,35.6,0
56,11.853,7.255,0.59,9,4.28,0.069,0,0,0,0,0,0,35.6,0.1
58,11.846,7.255,0.6,9,4.353,0.071,0,0,0,0,0,0,35.6,0
60,11.846,7.256,0.6,10,4.354,0.074,0,0,0,0,0,0,35.6,0
62,11.853,7.252,0.59,10,4.279,0.076,0,0,0,0,0,0,35.6,0
64,11.853,7.258,0.59,10,4.282,0.078,0,0,0,0,0,0,35.6,0
66,11.853,7.26,0.59,11,4.283,0.081,0,0,0,0,0,0,35.6,0
68,11.853,7.259,0.59,11,4.283,0.083,0,0,0,0,0,0,35.6,0
70,11.853,7.267,0.59,11,4.288,0.085,0,0,0,0,0,0,35.6,0
72,11.846,7.264,0.59,12,4.286,0.088,0,0,0,0,0,0,35.6,0
74,11.853,7.263,0.59,12,4.285,0.09,0,0,0,0,0,0,35.9,0
76,11.846,7.264,0.59,12,4.286,0.093,0,0,0,0,0,0,35.9,0
78,11.846,7.267,0.6,13,4.36,0.095,0,0,0,0,0,0,36.1,0
80,11.853,7.267,0.6,13,4.36,0.097,0,0,0,0,0,0,36.3,0
82,11.846,7.268,0.59,13,4.288,0.1,0,0,0,0,0,0,36.3,0
84,11.846,7.268,0.59,14,4.288,0.102,0,0,0,0,0,0,36.3,0
86,11.853,7.273,0.59,14,4.291,0.105,0,0,0,0,0,0,36.3,0
88,11.853,7.269,0.59,14,4.289,0.107,0,0,0,0,0,0,36.6,0
90,11.853,7.274,0.59,15,4.292,0.109,0,0,0,0,0,0,36.6,0
92,11.846,7.276,0.59,15,4.293,0.112,0,0,0,0,0,0,36.6,0
94,11.853,7.277,0.59,15,4.293,0.114,0,0,0,0,0,0,36.6,0
96,11.846,7.277,0.6,16,4.366,0.117,0,0,0,0,0,0,36.6,0
98,11.846,7.277,0.59,16,4.293,0.119,0,0,0,0,0,0,36.6,0
100,11.846,7.283,0.6,17,4.37,0.121,0,0,0,0,0,0,36.6,0
102,11.846,7.283,0.6,17,4.37,0.124,0,0,0,0,0,0,36.6,0
104,11.859,7.281,0.59,17,4.296,0.126,0,0,0,0,0,0,36.6,0
106,11.853,7.281,0.59,17,4.296,0.129,0,0,0,0,0,0,36.6,0
108,11.846,7.283,0.59,18,4.297,0.131,0,0,0,0,0,0,36.6,0
110,11.853,7.283,0.59,18,4.297,0.133,0,0,0,0,0,0,36.6,0
112,11.846,7.284,0.59,18,4.298,0.136,0,0,0,0,0,0,36.6,0
114,11.853,7.286,0.59,19,4.299,0.138,0,0,0,0,0,0,36.6,0
116,11.846,7.291,0.6,19,4.375,0.141,0,0,0,0,0,0,36.6,0
118,11.846,7.289,0.59,19,4.301,0.143,0,0,0,0,0,0,36.6,0
120,11.853,7.296,0.59,20,4.305,0.145,0,0,0,0,0,0,36.6,0
122,11.846,7.292,0.59,20,4.302,0.148,0,0,0,0,0,0,36.6,0
124,11.846,7.299,0.59,20,4.306,0.15,0,0,0,0,0,0,36.6,0
126,11.859,7.298,0.6,21,4.379,0.153,0,0,0,0,0,0,36.6,0.1
128,11.853,7.298,0.59,21,4.306,0.155,0,0,0,0,0,0,36.8,0
130,11.853,7.299,0.59,21,4.306,0.157,0,0,0,0,0,0,37,0
132,11.853,7.299,0.61,22,4.452,0.16,0,0,0,0,0,0,37,0
134,11.846,7.303,0.59,22,4.309,0.162,0,0,0,0,0,0,37.3,0
136,11.853,7.301,0.59,22,4.308,0.165,0,0,0,0,0,0,37.3,0
138,11.853,7.301,0.59,23,4.308,0.167,0,0,0,0,0,0,37.3,0
140,11.846,7.301,0.59,23,4.308,0.169,0,0,0,0,0,0,37.3,0
142,11.846,7.303,0.59,23,4.309,0.172,0,0,0,0,0,0,37.5,0
144,11.853,7.306,0.59,24,4.311,0.174,0,0,0,0,0,0,37.3,0
146,11.853,7.306,0.59,24,4.311,0.177,0,0,0,0,0,0,37.3,0
148,11.866,7.305,0.6,24,4.383,0.179,0,0,0,0,0,0,37.5,0
150,11.846,7.304,0.59,25,4.309,0.181,0,0,0,0,0,0,37.5,0
152,11.853,7.306,0.6,25,4.384,0.184,0,0,0,0,0,0,37.5,0
154,11.853,7.31,0.6,25,4.386,0.186,0,0,0,0,0,0,37.5,0
156,11.853,7.308,0.59,26,4.312,0.189,0,0,0,0,0,0,37.5,0
158,11.853,7.309,0.59,26,4.312,0.191,0,0,0,0,0,0,37.5,0
160,11.846,7.314,0.59,26,4.315,0.193,0,0,0,0,0,0,37.5,0
162,11.853,7.319,0.59,27,4.318,0.196,0,0,0,0,0,0,37.5,0
164,11.853,7.316,0.59,27,4.316,0.198,0,0,0,0,0,0,37.5,0
166,11.853,7.322,0.59,27,4.32,0.201,0,0,0,0,0,0,37.5,0
168,11.859,7.32,0.6,28,4.392,0.203,0,0,0,0,0,0,37.5,0
170,11.853,7.319,0.59,28,4.318,0.205,0,0,0,0,0,0,37.5,0
172,11.853,7.322,0.59,28,4.32,0.208,0,0,0,0,0,0,37.5,0
174,11.853,7.321,0.59,29,4.319,0.21,0,0,0,0,0,0,37.5,0
176,11.846,7.327,0.6,29,4.396,0.213,0,0,0,0,0,0,37.5,0
178,11.846,7.325,0.59,29,4.322,0.215,0,0,0,0,0,0,37.5,0
180,11.853,7.325,0.59,30,4.322,0.217,0,0,0,0,0,0,37.5,0
182,11.853,7.325,0.59,30,4.322,0.22,0,0,0,0,0,0,37.5,0
184,11.846,7.326,0.6,30,4.396,0.222,0,0,0,0,0,0,37.5,0
186,11.853,7.33,0.59,31,4.325,0.225,0,0,0,0,0,0,37.5,0
188,11.859,7.329,0.6,31,4.397,0.227,0,0,0,0,0,0,37.5,0
190,11.853,7.328,0.59,31,4.324,0.23,0,0,0,0,0,0,37.5,0
192,11.853,7.328,0.59,32,4.324,0.232,0,0,0,0,0,0,37.5,0
194,11.853,7.33,0.59,32,4.325,0.234,0,0,0,0,0,0,37.5,0
196,11.853,7.33,0.59,32,4.325,0.237,0,0,0,0,0,0,37.5,0
198,11.853,7.334,0.59,33,4.327,0.239,0,0,0,0,0,0,37.5,0
200,11.846,7.333,0.6,33,4.4,0.242,0,0,0,0,0,0,37.5,0
202,11.859,7.332,0.59,33,4.326,0.244,0,0,0,0,0,0,37.5,0
204,11.859,7.332,0.59,34,4.326,0.246,0,0,0,0,0,0,37.5,0
206,11.859,7.337,0.59,34,4.329,0.249,0,0,0,0,0,0,37.5,0
208,11.846,7.344,0.6,34,4.406,0.251,0,0,0,0,0,0,37.5,0
210,11.859,7.343,0.6,35,4.406,0.254,0,0,0,0,0,0,37.5,0
212,11.859,7.342,0.6,35,4.405,0.256,0,0,0,0,0,0,37.7,0
214,11.853,7.342,0.59,35,4.332,0.259,0,0,0,0,0,0,37.7,0
216,11.853,7.345,0.59,36,4.334,0.261,0,0,0,0,0,0,37.7,0
218,11.853,7.344,0.59,36,4.333,0.263,0,0,0,0,0,0,38,0
220,11.853,7.35,0.59,37,4.336,0.266,0,0,0,0,0,0,38,0
222,11.859,7.348,0.59,37,4.335,0.268,0,0,0,0,0,0,38,0
224,11.846,7.348,0.59,37,4.335,0.271,0,0,0,0,0,0,38,0
226,11.859,7.348,0.59,38,4.335,0.273,0,0,0,0,0,0,38,0
228,11.853,7.348,0.59,38,4.335,0.275,0,0,0,0,0,0,38,0
230,11.846,7.349,0.6,38,4.409,0.278,0,0,0,0,0,0,38.2,0
232,11.846,7.346,0.59,39,4.334,0.28,0,0,0,0,0,0,38.2,0
234,11.853,7.353,0.59,39,4.338,0.283,0,0,0,0,0,0,38.2,0
236,11.846,7.359,0.59,39,4.342,0.285,0,0,0,0,0,0,38.2,0
238,11.859,7.357,0.59,40,4.341,0.288,0,0,0,0,0,0,38.2,0
240,11.853,7.36,0.59,40,4.342,0.29,0,0,0,0,0,0,38.2,0
242,11.853,7.353,0.59,40,4.338,0.292,0,0,0,0,0,0,38.2,0
244,11.853,7.359,0.59,41,4.342,0.295,0,0,0,0,0,0,38.5,0
246,11.846,7.36,0.6,41,4.416,0.297,0,0,0,0,0,0,38.2,0
248,11.846,7.36,0.59,41,4.342,0.3,0,0,0,0,0,0,38.5,0
250,11.853,7.366,0.6,42,4.42,0.302,0,0,0,0,0,0,38.5,0
252,11.846,7.363,0.6,42,4.418,0.305,0,0,0,0,0,0,38.5,0
254,11.853,7.361,0.59,42,4.343,0.307,0,0,0,0,0,0,38.5,0
256,11.853,7.36,0.59,43,4.342,0.309,0,0,0,0,0,0,38.5,0
258,11.846,7.362,0.59,43,4.344,0.312,0,0,0,0,0,0,38.5,0
260,11.853,7.366,0.59,43,4.346,0.314,0,0,0,0,0,0,38.5,0
262,11.859,7.367,0.6,44,4.42,0.317,0,0,0,0,0,0,38.5,0
264,11.853,7.367,0.59,44,4.347,0.319,0,0,0,0,0,0,38.5,0
266,11.853,7.368,0.6,44,4.421,0.322,0,0,0,0,0,0,38.5,0
268,11.853,7.368,0.6,45,4.421,0.324,0,0,0,0,0,0,38.5,0
270,11.853,7.373,0.59,45,4.35,0.326,0,0,0,0,0,0,38.5,0
272,11.846,7.372,0.6,45,4.423,0.329,0,0,0,0,0,0,38.5,0
274,11.846,7.371,0.59,46,4.349,0.331,0,0,0,0,0,0,38.5,0
276,11.859,7.371,0.59,46,4.349,0.334,0,0,0,0,0,0,38.5,0
278,11.846,7.372,0.59,46,4.349,0.336,0,0,0,0,0,0,38.5,0
280,11.853,7.381,0.59,47,4.355,0.339,0,0,0,0,0,0,38.5,0
282,11.846,7.376,0.59,47,4.352,0.341,0,0,0,0,0,0,38.5,0
284,11.853,7.383,0.59,47,4.356,0.343,0,0,0,0,0,0,38.5,0
286,11.859,7.382,0.6,48,4.429,0.346,0,0,0,0,0,0,38.5,0
288,11.853,7.376,0.59,48,4.352,0.348,0,0,0,0,0,0,38.5,0
290,11.853,7.383,0.6,48,4.43,0.351,0,0,0,0,0,0,38.5,0
292,11.853,7.384,0.59,49,4.357,0.353,0,0,0,0,0,0,38.5,0
294,11.853,7.384,0.59,49,4.357,0.356,0,0,0,0,0,0,38.5,0
296,11.846,7.387,0.6,49,4.432,0.358,0,0,0,0,0,0,38.5,0
298,11.846,7.386,0.59,50,4.358,0.36,0,0,0,0,0,0,38.5,0
300,11.853,7.386,0.59,50,4.358,0.363,0,0,0,0,0,0,38.5,0
302,11.859,7.385,0.59,50,4.357,0.365,0,0,0,0,0,0,38.5,0
304,11.853,7.385,0.59,51,4.357,0.368,0,0,0,0,0,0,38.5,0
306,11.853,7.387,0.59,51,4.358,0.37,0,0,0,0,0,0,38.5,0
308,11.859,7.389,0.6,51,4.433,0.373,0,0,0,0,0,0,38.5,0
310,11.859,7.388,0.6,52,4.433,0.375,0,0,0,0,0,0,38.5,0
312,11.853,7.388,0.59,52,4.359,0.377,0,0,0,0,0,0,38.5,0
314,11.853,7.391,0.59,52,4.361,0.38,0,0,0,0,0,0,38.5,0
316,11.853,7.391,0.6,53,4.435,0.382,0,0,0,0,0,0,38.5,0
318,11.853,7.39,0.59,53,4.36,0.385,0,0,0,0,0,0,38.5,0
320,11.853,7.39,0.59,53,4.36,0.387,0,0,0,0,0,0,38.5,0
322,11.853,7.396,0.6,54,4.438,0.39,0,0,0,0,0,0,38.5,0
324,11.859,7.394,0.59,54,4.362,0.392,0,0,0,0,0,0,38.5,0
326,11.846,7.394,0.59,54,4.362,0.395,0,0,0,0,0,0,38.5,0
328,11.859,7.394,0.59,55,4.362,0.397,0,0,0,0,0,0,38.5,0
330,11.853,7.395,0.6,55,4.437,0.399,0,0,0,0,0,0,38.5,0
332,11.853,7.395,0.59,55,4.363,0.402,0,0,0,0,0,0,38.5,0
334,11.859,7.396,0.59,56,4.364,0.404,0,0,0,0,0,0,38.5,0
336,11.853,7.404,0.6,56,4.442,0.407,0,0,0,0,0,0,38.5,0
338,11.853,7.392,0.59,56,4.361,0.409,0,0,0,0,0,0,38.5,0
340,11.853,7.4,0.59,57,4.366,0.412,0,0,0,0,0,0,38.5,0
342,11.853,7.406,0.59,57,4.37,0.414,0,0,0,0,0,0,38.7,0
344,11.859,7.406,0.6,57,4.444,0.416,0,0,0,0,0,0,38.7,0
346,11.853,7.405,0.59,58,4.369,0.419,0,0,0,0,0,0,38.7,0
348,11.853,7.407,0.59,58,4.37,0.421,0,0,0,0,0,0,38.7,0
350,11.853,7.407,0.59,58,4.37,0.424,0,0,0,0,0,0,38.5,0
352,11.853,7.412,0.59,59,4.373,0.426,0,0,0,0,0,0,38.9,0
354,11.846,7.41,0.59,59,4.372,0.429,0,0,0,0,0,0,38.7,0
356,11.853,7.41,0.59,59,4.372,0.431,0,0,0,0,0,0,38.9,0
358,11.859,7.41,0.59,60,4.372,0.433,0,0,0,0,0,0,38.9,0
360,11.853,7.411,0.6,60,4.447,0.436,0,0,0,0,0,0,38.9,0
362,11.853,7.411,0.59,60,4.372,0.438,0,0,0,0,0,0,39.2,0
364,11.859,7.41,0.59,61,4.372,0.441,0,0,0,0,0,0,39.2,0
366,11.853,7.411,0.6,61,4.447,0.443,0,0,0,0,0,0,38.9,0
368,11.853,7.414,0.59,61,4.374,0.446,0,0,0,0,0,0,38.9,0
370,11.853,7.414,0.59,62,4.374,0.448,0,0,0,0,0,0,39.2,0
372,11.859,7.413,0.6,62,4.448,0.451,0,0,0,0,0,0,38.9,0
374,11.859,7.419,0.59,62,4.377,0.453,0,0,0,0,0,0,39.2,0
376,11.853,7.418,0.59,63,4.377,0.455,0,0,0,0,0,0,39.2,0
378,11.853,7.414,0.59,63,4.374,0.458,0,0,0,0,0,0,39.2,0
380,11.853,7.414,0.59,63,4.374,0.46,0,0,0,0,0,0,39.2,0
382,11.853,7.416,0.59,64,4.375,0.463,0,0,0,0,0,0,39.2,0.1
384,11.846,7.42,0.6,64,4.452,0.465,0,0,0,0,0,0,39.2,0
386,11.846,7.421,0.6,64,4.453,0.468,0,0,0,0,0,0,39.2,0
388,11.846,7.422,0.59,65,4.379,0.47,0,0,0,0,0,0,39.4,0
390,11.859,7.422,0.59,65,4.379,0.473,0,0,0,0,0,0,39.2,0
392,11.846,7.422,0.6,65,4.453,0.475,0,0,0,0,0,0,39.2,0
394,11.859,7.422,0.59,66,4.379,0.477,0,0,0,0,0,0,39.4,0
396,11.859,7.425,0.59,66,4.381,0.48,0,0,0,0,0,0,39.4,0
398,11.853,7.424,0.6,66,4.454,0.482,0,0,0,0,0,0,39.4,0
400,11.853,7.424,0.59,67,4.38,0.485,0,0,0,0,0,0,39.4,0
402,11.853,7.426,0.6,67,4.456,0.487,0,0,0,0,0,0,39.4,0
404,11.859,7.429,0.6,67,4.457,0.49,0,0,0,0,0,0,39.4,0
406,11.859,7.428,0.6,68,4.457,0.492,0,0,0,0,0,0,39.4,0
408,11.853,7.427,0.59,68,4.382,0.495,0,0,0,0,0,0,39.4,0
410,11.853,7.428,0.59,68,4.383,0.497,0,0,0,0,0,0,39.4,0
412,11.853,7.43,0.59,69,4.384,0.5,0,0,0,0,0,0,39.4,0
414,11.859,7.428,0.59,69,4.383,0.502,0,0,0,0,0,0,39.4,0
416,11.859,7.43,0.59,69,4.384,0.504,0,0,0,0,0,0,39.4,0
418,11.853,7.429,0.59,70,4.383,0.507,0,0,0,0,0,0,39.4,0
420,11.853,7.43,0.59,70,4.384,0.509,0,0,0,0,0,0,39.4,0
422,11.853,7.433,0.59,70,4.385,0.512,0,0,0,0,0,0,39.4,0
424,11.853,7.433,0.59,71,4.385,0.514,0,0,0,0,0,0,39.4,0
426,11.853,7.433,0.6,71,4.46,0.517,0,0,0,0,0,0,39.4,0
428,11.846,7.433,0.59,71,4.385,0.519,0,0,0,0,0,0,39.4,0
430,11.859,7.433,0.59,72,4.385,0.522,0,0,0,0,0,0,39.4,0
432,11.853,7.434,0.6,72,4.46,0.524,0,0,0,0,0,0,39.4,0
434,11.859,7.433,0.59,72,4.385,0.526,0,0,0,0,0,0,39.4,0
436,11.859,7.434,0.59,73,4.386,0.529,0,0,0,0,0,0,39.4,0
438,11.853,7.438,0.59,73,4.388,0.531,0,0,0,0,0,0,39.4,0
440,11.853,7.438,0.59,73,4.388,0.534,0,0,0,0,0,0,39.4,0
442,11.853,7.438,0.59,74,4.388,0.536,0,0,0,0,0,0,39.4,0
444,11.853,7.443,0.6,74,4.466,0.539,0,0,0,0,0,0,39.4,0
446,11.859,7.438,0.6,74,4.463,0.541,0,0,0,0,0,0,39.4,0
448,11.853,7.438,0.59,75,4.388,0.544,0,0,0,0,0,0,39.4,0
450,11.853,7.439,0.59,75,4.389,0.546,0,0,0,0,0,0,39.4,0
452,11.853,7.445,0.6,75,4.467,0.548,0,0,0,0,0,0,39.4,0
454,11.853,7.441,0.59,76,4.39,0.551,0,0,0,0,0,0,39.4,0
456,11.853,7.444,0.6,76,4.466,0.553,0,0,0,0,0,0,39.4,0
458,11.859,7.445,0.59,76,4.393,0.556,0,0,0,0,0,0,39.4,0
460,11.859,7.445,0.59,77,4.393,0.558,0,0,0,0,0,0,39.4,0
462,11.846,7.446,0.6,77,4.468,0.561,0,0,0,0,0,0,39.4,0
464,11.859,7.447,0.59,77,4.394,0.563,0,0,0,0,0,0,39.4,0
466,11.859,7.447,0.59,78,4.394,0.566,0,0,0,0,0,0,39.4,0
468,11.859,7.447,0.59,78,4.394,0.568,0,0,0,0,0,0,39.4,0
470,11.846,7.447,0.6,78,4.468,0.571,0,0,0,0,0,0,39.4,0
472,11.853,7.447,0.59,79,4.394,0.573,0,0,0,0,0,0,39.4,0
474,11.859,7.447,0.59,79,4.394,0.575,0,0,0,0,0,0,39.4,0
476,11.859,7.447,0.59,79,4.394,0.578,0,0,0,0,0,0,39.4,0
478,11.853,7.452,0.6,80,4.471,0.58,0,0,0,0,0,0,39.4,0
480,11.853,7.453,0.59,80,4.397,0.583,0,0,0,0,0,0,39.4,0
482,11.853,7.453,0.59,80,4.397,0.585,0,0,0,0,0,0,39.4,0
484,11.853,7.453,0.6,81,4.472,0.588,0,0,0,0,0,0,39.4,0
486,11.859,7.451,0.6,81,4.471,0.59,0,0,0,0,0,0,39.4,0
488,11.853,7.45,0.59,81,4.396,0.593,0,0,0,0,0,0,39.4,0
490,11.853,7.453,0.59,82,4.397,0.595,0,0,0,0,0,0,39.4,0
492,11.853,7.453,0.6,82,4.472,0.598,0,0,0,0,0,0,39.4,0
494,11.859,7.451,0.59,82,4.396,0.6,0,0,0,0,0,0,39.4,0
496,11.853,7.453,0.59,83,4.397,0.602,0,0,0,0,0,0,39.4,0
498,11.853,7.452,0.59,83,4.397,0.605,0,0,0,0,0,0,39.4,0
500,11.859,7.453,0.6,83,4.472,0.607,0,0,0,0,0,0,39.4,0
502,11.853,7.453,0.59,84,4.397,0.61,0,0,0,0,0,0,39.4,0
504,11.859,7.457,0.59,84,4.4,0.612,0,0,0,0,0,0,39.4,0
506,11.853,7.456,0.6,84,4.474,0.615,0,0,0,0,0,0,39.4,0
508,11.859,7.455,0.59,85,4.398,0.617,0,0,0,0,0,0,39.4,0
510,11.859,7.455,0.59,85,4.398,0.62,0,0,0,0,0,0,39.4,0
512,11.859,7.456,0.59,85,4.399,0.622,0,0,0,0,0,0,39.4,0
514,11.853,7.456,0.6,86,4.474,0.625,0,0,0,0,0,0,39.4,0
516,11.853,7.457,0.6,86,4.474,0.627,0,0,0,0,0,0,39.4,0
518,11.859,7.457,0.59,86,4.4,0.63,0,0,0,0,0,0,39.4,0
520,11.859,7.457,0.59,87,4.4,0.632,0,0,0,0,0,0,39.4,0
522,11.853,7.457,0.6,87,4.474,0.634,0,0,0,0,0,0,39.4,0
524,11.859,7.467,0.59,87,4.406,0.637,0,0,0,0,0,0,39.4,0
526,11.866,7.461,0.59,88,4.402,0.639,0,0,0,0,0,0,39.6,0
528,11.853,7.46,0.59,88,4.401,0.642,0,0,0,0,0,0,39.4,0
530,11.853,7.461,0.59,88,4.402,0.644,0,0,0,0,0,0,39.6,0
532,11.853,7.461,0.59,89,4.402,0.647,0,0,0,0,0,0,39.6,0
534,11.853,7.465,0.59,89,4.404,0.649,0,0,0,0,0,0,39.6,0
536,11.866,7.466,0.6,89,4.48,0.652,0,0,0,0,0,0,39.6,0
538,11.853,7.466,0.59,90,4.405,0.654,0,0,0,0,0,0,39.6,0
540,11.853,7.468,0.59,90,4.406,0.657,0,0,0,0,0,0,39.9,0
542,11.866,7.467,0.6,90,4.48,0.659,0,0,0,0,0,0,39.6,0
544,11.853,7.468,0.59,91,4.406,0.661,0,0,0,0,0,0,39.6,0
546,11.866,7.467,0.59,91,4.406,0.664,0,0,0,0,0,0,39.6,0
548,11.859,7.468,0.6,91,4.481,0.666,0,0,0,0,0,0,39.9,0
550,11.853,7.468,0.59,92,4.406,0.669,0,0,0,0,0,0,39.6,0
552,11.853,7.472,0.6,92,4.483,0.671,0,0,0,0,0,0,39.9,0
554,11.853,7.471,0.59,92,4.408,0.674,0,0,0,0,0,0,39.9,0
556,11.859,7.471,0.59,93,4.408,0.676,0,0,0,0,0,0,39.9,0
558,11.859,7.47,0.59,93,4.407,0.679,0,0,0,0,0,0,39.9,0
560,11.853,7.47,0.59,93,4.407,0.681,0,0,0,0,0,0,39.9,0
562,11.859,7.47,0.59,94,4.407,0.684,0,0,0,0,0,0,39.9,0
564,11.859,7.47,0.59,94,4.407,0.686,0,0,0,0,0,0,40.1,0
566,11.853,7.47,0.6,94,4.482,0.689,0,0,0,0,0,0,40.1,0
568,11.853,7.47,0.6,95,4.482,0.691,0,0,0,0,0,0,40.1,0
570,11.859,7.471,0.59,95,4.408,0.693,0,0,0,0,0,0,40.1,0
572,11.846,7.472,0.6,95,4.483,0.696,0,0,0,0,0,0,40.1,0
574,11.859,7.471,0.59,96,4.408,0.698,0,0,0,0,0,0,40.1,0
576,11.853,7.475,0.59,96,4.41,0.701,0,0,0,0,0,0,40.1,0
578,11.853,7.476,0.59,96,4.411,0.703,0,0,0,0,0,0,40.4,0
580,11.853,7.47,0.59,97,4.407,0.706,0,0,0,0,0,0,40.1,0
582,11.853,7.476,0.59,97,4.411,0.708,0,0,0,0,0,0,40.1,0
584,11.853,7.476,0.59,97,4.411,0.711,0,0,0,0,0,0,40.1,0
586,11.866,7.475,0.6,98,4.485,0.713,0,0,0,0,0,0,40.1,0
588,11.859,7.476,0.59,98,4.411,0.716,0,0,0,0,0,0,40.1,0
590,11.853,7.476,0.59,98,4.411,0.718,0,0,0,0,0,0,40.1,0
592,11.859,7.476,0.6,99,4.486,0.721,0,0,0,0,0,0,40.4,0
594,11.859,7.47,0.59,99,4.407,0.723,0,0,0,0,0,0,40.4,0
596,11.859,7.483,0.59,99,4.415,0.725,0,0,0,0,0,0,40.4,0
598,11.853,7.484,0.59,100,4.416,0.728,0,0,0,0,0,0,40.4,0
600,11.859,7.48,0.59,100,4.413,0.73,0,0,0,0,0,0,40.4,0
602,11.853,7.478,0.59,100,4.412,0.733,0,0,0,0,0,0,40.4,0
604,11.859,7.484,0.59,101,4.416,0.735,0,0,0,0,0,0,40.4,0
606,11.859,7.481,0.59,101,4.414,0.738,0,0,0,0,0,0,40.4,0
608,11.859,7.484,0.59,101,4.416,0.74,0,0,0,0,0,0,40.4,0
610,11.859,7.484,0.59,102,4.416,0.743,0,0,0,0,0,0,40.4,0
612,11.853,7.483,0.6,102,4.49,0.745,0,0,0,0,0,0,40.4,0
614,11.853,7.484,0.59,102,4.416,0.748,0,0,0,0,0,0,40.4,0
616,11.859,7.491,0.59,103,4.42,0.75,0,0,0,0,0,0,40.4,0
618,11.853,7.49,0.6,103,4.494,0.753,0,0,0,0,0,0,40.1,0
620,11.853,7.484,0.59,103,4.416,0.755,0,0,0,0,0,0,40.4,0
622,11.859,7.489,0.59,104,4.419,0.757,0,0,0,0,0,0,40.4,0
624,11.859,7.484,0.59,104,4.416,0.76,0,0,0,0,0,0,40.4,0
626,11.853,7.489,0.6,104,4.493,0.762,0,0,0,0,0,0,40.4,0
628,11.859,7.484,0.59,105,4.416,0.765,0,0,0,0,0,0,40.4,0
630,11.853,7.484,0.59,105,4.416,0.767,0,0,0,0,0,0,40.4,0
632,11.859,7.484,0.6,105,4.49,0.77,0,0,0,0,0,0,40.4,0
634,11.853,7.484,0.59,106,4.416,0.772,0,0,0,0,0,0,40.4,0
636,11.853,7.485,0.59,106,4.416,0.775,0,0,0,0,0,0,40.4,0
638,11.859,7.492,0.59,106,4.42,0.777,0,0,0,0,0,0,40.4,0
640,11.859,7.486,0.6,107,4.492,0.78,0,0,0,0,0,0,40.4,0
642,11.859,7.488,0.59,107,4.418,0.782,0,0,0,0,0,0,40.4,0
644,11.853,7.484,0.59,107,4.416,0.785,0,0,0,0,0,0,40.4,0
646,11.859,7.492,0.59,108,4.42,0.787,0,0,0,0,0,0,40.4,0
648,11.859,7.491,0.6,108,4.495,0.789,0,0,0,0,0,0,40.4,0
650,11.853,7.49,0.59,108,4.419,0.792,0,0,0,0,0,0,40.4,0
652,11.866,7.491,0.59,109,4.42,0.794,0,0,0,0,0,0,40.4,0
654,11.859,7.492,0.59,109,4.42,0.797,0,0,0,0,0,0,40.4,0
656,11.853,7.491,0.59,109,4.42,0.799,0,0,0,0,0,0,40.4,0
658,11.859,7.492,0.59,110,4.42,0.802,0,0,0,0,0,0,40.4,0
660,11.853,7.499,0.6,110,4.499,0.804,0,0,0,0,0,0,40.4,0
662,11.859,7.494,0.59,110,4.421,0.807,0,0,0,0,0,0,40.4,0
664,11.859,7.493,0.59,111,4.421,0.809,0,0,0,0,0,0,40.4,0
666,11.846,7.493,0.59,111,4.421,0.812,0,0,0,0,0,0,40.4,0
668,11.859,7.493,0.59,111,4.421,0.814,0,0,0,0,0,0,40.4,0
670,11.859,7.493,0.59,112,4.421,0.817,0,0,0,0,0,0,40.4,0
672,11.853,7.493,0.59,112,4.421,0.819,0,0,0,0,0,0,40.4,0
674,11.859,7.493,0.59,113,4.421,0.821,0,0,0,0,0,0,40.4,0
676,11.859,7.493,0.59,113,4.421,0.824,0,0,0,0,0,0,40.4,0
678,11.859,7.493,0.59,113,4.421,0.826,0,0,0,0,0,0,40.4,0
680,11.853,7.493,0.59,114,4.421,0.829,0,0,0,0,0,0,40.4,0
682,11.853,7.493,0.59,114,4.421,0.831,0,0,0,0,0,0,40.4,0
684,11.853,7.494,0.6,114,4.496,0.834,0,0,0,0,0,0,40.4,0
686,11.853,7.495,0.59,115,4.422,0.836,0,0,0,0,0,0,40.4,0
688,11.853,7.498,0.6,115,4.499,0.839,0,0,0,0,0,0,40.4,0
690,11.859,7.496,0.59,115,4.423,0.841,0,0,0,0,0,0,40.4,0
692,11.853,7.493,0.59,116,4.421,0.844,0,0,0,0,0,0,40.4,0
694,11.853,7.499,0.59,116,4.424,0.846,0,0,0,0,0,0,40.4,0
696,11.853,7.506,0.59,116,4.429,0.849,0,0,0,0,0,0,40.4,0
698,11.853,7.506,0.59,117,4.429,0.851,0,0,0,0,0,0,40.4,0
700,11.859,7.504,0.6,117,4.502,0.854,0,0,0,0,0,0,40.4,0
702,11.859,7.492,0.59,117,4.42,0.856,0,0,0,0,0,0,40.4,0
704,11.853,7.499,0.59,118,4.424,0.858,0,0,0,0,0,0,40.4,0
706,11.859,7.507,0.59,118,4.429,0.861,0,0,0,0,0,0,40.4,0
708,11.866,7.501,0.59,118,4.426,0.863,0,0,0,0,0,0,40.4,0
710,11.859,7.493,0.59,119,4.421,0.866,0,0,0,0,0,0,40.4,0
712,11.859,7.506,0.59,119,4.429,0.868,0,0,0,0,0,0,40.4,0
714,11.859,7.505,0.59,119,4.428,0.871,0,0,0,0,0,0,40.4,0
716,11.859,7.504,0.59,120,4.427,0.873,0,0,0,0,0,0,40.4,0
718,11.859,7.503,0.59,120,4.427,0.876,0,0,0,0,0,0,40.4,0
720,11.859,7.506,0.59,120,4.429,0.878,0,0,0,0,0,0,40.4,0
722,11.859,7.514,0.59,121,4.433,0.881,0,0,0,0,0,0,40.4,0
724,11.859,7.507,0.59,121,4.429,0.883,0,0,0,0,0,0,40.4,0
726,11.859,7.507,0.59,121,4.429,0.885,0,0,0,0,0,0,40.4,0
728,11.859,7.507,0.59,122,4.429,0.888,0,0,0,0,0,0,40.4,0
730,11.846,7.509,0.6,122,4.505,0.89,0,0,0,0,0,0,40.4,0
732,11.853,7.509,0.59,122,4.43,0.893,0,0,0,0,0,0,40.4,0
734,11.859,7.509,0.59,123,4.43,0.895,0,0,0,0,0,0,40.4,0
736,11.859,7.509,0.59,123,4.43,0.898,0,0,0,0,0,0,40.4,0
738,11.859,7.509,0.59,123,4.43,0.9,0,0,0,0,0,0,40.4,0
740,11.853,7.509,0.6,124,4.505,0.903,0,0,0,0,0,0,40.4,0
742,11.853,7.509,0.59,124,4.43,0.905,0,0,0,0,0,0,40.4,0
744,11.859,7.509,0.59,124,4.43,0.908,0,0,0,0,0,0,40.4,0
746,11.853,7.509,0.59,125,4.43,0.91,0,0,0,0,0,0,40.4,0
748,11.853,7.51,0.59,125,4.431,0.913,0,0,0,0,0,0,40.4,0
750,11.853,7.511,0.6,125,4.507,0.915,0,0,0,0,0,0,40.4,0
752,11.853,7.511,0.6,126,4.507,0.918,0,0,0,0,0,0,40.4,0
754,11.853,7.511,0.59,126,4.431,0.92,0,0,0,0,0,0,40.4,0
756,11.853,7.515,0.59,126,4.434,0.923,0,0,0,0,0,0,40.4,0
758,11.853,7.515,0.59,127,4.434,0.925,0,0,0,0,0,0,40.4,0
760,11.853,7.515,0.59,127,4.434,0.928,0,0,0,0,0,0,40.4,0
762,11.853,7.515,0.6,127,4.509,0.93,0,0,0,0,0,0,40.4,0
764,11.866,7.513,0.6,128,4.508,0.933,0,0,0,0,0,0,40.4,0
766,11.853,7.513,0.59,128,4.433,0.935,0,0,0,0,0,0,40.4,0
768,11.853,7.515,0.59,128,4.434,0.937,0,0,0,0,0,0,40.4,0
770,11.859,7.515,0.6,129,4.509,0.94,0,0,0,0,0,0,40.6,0
772,11.859,7.513,0.59,129,4.433,0.942,0,0,0,0,0,0,40.4,0
774,11.859,7.515,0.59,129,4.434,0.945,0,0,0,0,0,0,40.4,0
776,11.866,7.514,0.59,130,4.433,0.947,0,0,0,0,0,0,40.4,0
778,11.859,7.515,0.59,130,4.434,0.95,0,0,0,0,0,0,40.4,0
780,11.866,7.515,0.6,130,4.509,0.952,0,0,0,0,0,0,40.4,0
782,11.859,7.515,0.59,131,4.434,0.955,0,0,0,0,0,0,40.6,0
784,11.859,7.514,0.59,131,4.433,0.957,0,0,0,0,0,0,40.4,0
786,11.859,7.514,0.59,131,4.433,0.96,0,0,0,0,0,0,40.4,0
788,11.859,7.52,0.59,132,4.437,0.962,0,0,0,0,0,0,40.6,0
790,11.859,7.518,0.59,132,4.436,0.965,0,0,0,0,0,0,40.4,0
792,11.859,7.517,0.59,132,4.435,0.967,0,0,0,0,0,0,40.4,0
794,11.846,7.517,0.59,133,4.435,0.97,0,0,0,0,0,0,40.4,0
796,11.859,7.517,0.59,133,4.435,0.972,0,0,0,0,0,0,40.6,0
798,11.859,7.517,0.59,133,4.435,0.974,0,0,0,0,0,0,40.4,0
800,11.853,7.517,0.6,134,4.51,0.977,0,0,0,0,0,0,40.6,0
802,11.853,7.517,0.59,134,4.435,0.979,0,0,0,0,0,0,40.6,0
804,11.859,7.517,0.59,134,4.435,0.982,0,0,0,0,0,0,40.6,0
806,11.866,7.517,0.59,135,4.435,0.984,0,0,0,0,0,0,40.6,0
808,11.859,7.517,0.59,135,4.435,0.987,0,0,0,0,0,0,40.4,0
810,11.846,7.517,0.59,135,4.435,0.989,0,0,0,0,0,0,40.6,0
812,11.853,7.518,0.6,136,4.511,0.992,0,0,0,0,0,0,40.8,0
814,11.859,7.518,0.59,136,4.436,0.994,0,0,0,0,0,0,40.6,0
816,11.859,7.521,0.59,136,4.437,0.997,0,0,0,0,0,0,40.6,0
818,11.853,7.521,0.59,137,4.437,0.999,0,0,0,0,0,0,40.8,0
820,11.859,7.52,0.59,137,4.437,1.002,0,0,0,0,0,0,40.6,0
822,11.853,7.516,0.59,137,4.434,1.004,0,0,0,0,0,0,40.8,0
824,11.853,7.53,0.59,138,4.443,1.007,0,0,0,0,0,0,40.6,0
826,11.853,7.53,0.59,138,4.443,1.009,0,0,0,0,0,0,40.6,0
828,11.853,7.522,0.59,138,4.438,1.012,0,0,0,0,0,0,40.6,0
830,11.866,7.522,0.6,139,4.513,1.014,0,0,0,0,0,0,40.8,0
832,11.866,7.527,0.6,139,4.516,1.017,0,0,0,0,0,0,41.1,0
834,11.859,7.522,0.59,139,4.438,1.019,0,0,0,0,0,0,40.8,0
836,11.859,7.522,0.59,140,4.438,1.021,0,0,0,0,0,0,41.1,0
838,11.853,7.526,0.59,140,4.44,1.024,0,0,0,0,0,0,41.1,0
840,11.859,7.525,0.59,140,4.44,1.026,0,0,0,0,0,0,41.1,0
842,11.853,7.525,0.59,141,4.44,1.029,0,0,0,0,0,0,41.1,0
844,11.859,7.526,0.59,141,4.44,1.031,0,0,0,0,0,0,40.8,0
846,11.853,7.527,0.59,141,4.441,1.034,0,0,0,0,0,0,40.8,0
848,11.859,7.53,0.59,142,4.443,1.036,0,0,0,0,0,0,41.1,0
850,11.859,7.529,0.59,142,4.442,1.039,0,0,0,0,0,0,41.1,0
852,11.859,7.529,0.59,142,4.442,1.041,0,0,0,0,0,0,41.1,0
854,11.859,7.53,0.59,143,4.443,1.044,0,0,0,0,0,0,41.1,0
856,11.859,7.53,0.59,143,4.443,1.046,0,0,0,0,0,0,41.1,0
858,11.853,7.531,0.6,143,4.519,1.049,0,0,0,0,0,0,41.1,0
860,11.853,7.532,0.6,144,4.519,1.051,0,0,0,0,0,0,41.1,0
862,11.853,7.532,0.6,144,4.519,1.054,0,0,0,0,0,0,41.1,0
864,11.846,7.532,0.59,144,4.444,1.056,0,0,0,0,0,0,41.1,0
866,11.859,7.532,0.59,145,4.444,1.059,0,0,0,0,0,0,41.3,0
868,11.853,7.532,0.6,145,4.519,1.061,0,0,0,0,0,0,41.1,0
870,11.853,7.532,0.6,145,4.519,1.064,0,0,0,0,0,0,41.1,0
872,11.859,7.532,0.59,146,4.444,1.066,0,0,0,0,0,0,41.1,0
874,11.853,7.532,0.6,146,4.519,1.069,0,0,0,0,0,0,41.1,0
876,11.853,7.532,0.59,146,4.444,1.071,0,0,0,0,0,0,41.1,0
878,11.853,7.532,0.59,147,4.444,1.074,0,0,0,0,0,0,41.1,0
880,11.866,7.532,0.59,147,4.444,1.076,0,0,0,0,0,0,41.3,0
882,11.853,7.533,0.6,147,4.52,1.079,0,0,0,0,0,0,41.3,0
884,11.859,7.533,0.59,148,4.444,1.081,0,0,0,0,0,0,41.3,0
886,11.853,7.534,0.59,148,4.445,1.083,0,0,0,0,0,0,41.1,0
888,11.853,7.534,0.59,148,4.445,1.086,0,0,0,0,0,0,41.3,0
890,11.859,7.538,0.59,149,4.447,1.088,0,0,0,0,0,0,41.3,0
892,11.853,7.538,0.59,149,4.447,1.091,0,0,0,0,0,0,41.3,0
894,11.853,7.538,0.59,149,4.447,1.093,0,0,0,0,0,0,41.1,0
896,11.866,7.537,0.6,150,4.522,1.096,0,0,0,0,0,0,41.3,0
898,11.866,7.536,0.6,150,4.522,1.098,0,0,0,0,0,0,41.3,0
900,11.859,7.536,0.59,150,4.446,1.101,0,0,0,0,0,0,41.3,0
902,11.853,7.531,0.59,151,4.443,1.103,0,0,0,0,0,0,41.1,0
904,11.853,7.546,0.59,151,4.452,1.106,0,0,0,0,0,0,41.3,0
906,11.866,7.543,0.6,151,4.526,1.108,0,0,0,0,0,0,41.3,0
908,11.853,7.537,0.59,152,4.447,1.111,0,0,0,0,0,0,41.3,0
910,11.859,7.538,0.59,152,4.447,1.113,0,0,0,0,0,0,41.3,0
912,11.859,7.542,0.59,152,4.45,1.116,0,0,0,0,0,0,41.3,0
914,11.859,7.538,0.59,153,4.447,1.118,0,0,0,0,0,0,41.3,0
916,11.859,7.543,0.59,153,4.45,1.121,0,0,0,0,0,0,41.3,0
918,11.859,7.538,0.59,153,4.447,1.123,0,0,0,0,0,0,41.3,0
920,11.859,7.538,0.59,154,4.447,1.126,0,0,0,0,0,0,41.3,0
922,11.859,7.539,0.59,154,4.448,1.128,0,0,0,0,0,0,41.3,0
924,11.859,7.541,0.59,154,4.449,1.131,0,0,0,0,0,0,41.3,0
926,11.859,7.541,0.59,155,4.449,1.133,0,0,0,0,0,0,41.3,0
928,11.859,7.543,0.59,155,4.45,1.136,0,0,0,0,0,0,41.3,0
930,11.859,7.546,0.59,156,4.452,1.138,0,0,0,0,0,0,41.3,0
932,11.853,7.544,0.6,156,4.526,1.14,0,0,0,0,0,0,41.3,0
934,11.853,7.546,0.59,156,4.452,1.143,0,0,0,0,0,0,41.3,0
936,11.859,7.545,0.59,156,4.452,1.145,0,0,0,0,0,0,41.3,0
938,11.846,7.545,0.6,157,4.527,1.148,0,0,0,0,0,0,41.3,0
940,11.853,7.546,0.59,157,4.452,1.15,0,0,0,0,0,0,41.3,0
942,11.853,7.546,0.59,158,4.452,1.153,0,0,0,0,0,0,41.3,0
944,11.859,7.545,0.59,158,4.452,1.155,0,0,0,0,0,0,41.3,0
946,11.853,7.551,0.6,158,4.531,1.158,0,0,0,0,0,0,41.3,0
948,11.853,7.551,0.59,158,4.455,1.16,0,0,0,0,0,0,41.3,0
950,11.853,7.546,0.6,159,4.528,1.163,0,0,0,0,0,0,41.3,0
952,11.866,7.546,0.59,159,4.452,1.165,0,0,0,0,0,0,41.3,0
954,11.859,7.552,0.59,159,4.456,1.168,0,0,0,0,0,0,41.3,0
956,11.853,7.548,0.59,160,4.453,1.17,0,0,0,0,0,0,41.3,0
958,11.859,7.546,0.59,160,4.452,1.173,0,0,0,0,0,0,41.3,0
960,11.866,7.552,0.6,160,4.531,1.175,0,0,0,0,0,0,41.3,0
962,11.859,7.547,0.6,161,4.528,1.178,0,0,0,0,0,0,41.3,0
964,11.866,7.549,0.6,161,4.529,1.18,0,0,0,0,0,0,41.3,0
966,11.859,7.547,0.59,161,4.453,1.183,0,0,0,0,0,0,41.3,0
968,11.853,7.546,0.59,162,4.452,1.185,0,0,0,0,0,0,41.3,0
970,11.853,7.547,0.59,162,4.453,1.188,0,0,0,0,0,0,41.3,0
972,11.859,7.553,0.59,162,4.456,1.19,0,0,0,0,0,0,41.3,0
974,11.859,7.55,0.6,163,4.53,1.193,0,0,0,0,0,0,41.3,0
976,11.859,7.548,0.59,163,4.453,1.195,0,0,0,0,0,0,41.3,0
978,11.859,7.553,0.59,163,4.456,1.198,0,0,0,0,0,0,41.3,0
980,11.866,7.552,0.59,164,4.456,1.2,0,0,0,0,0,0,41.3,0
982,11.859,7.551,0.59,164,4.455,1.203,0,0,0,0,0,0,41.3,0
984,11.866,7.551,0.59,164,4.455,1.205,0,0,0,0,0,0,41.3,0
986,11.859,7.553,0.59,165,4.456,1.208,0,0,0,0,0,0,41.3,0
988,11.859,7.552,0.59,165,4.456,1.21,0,0,0,0,0,0,41.3,0
990,11.866,7.552,0.59,165,4.456,1.213,0,0,0,0,0,0,41.3,0
992,11.859,7.559,0.59,166,4.46,1.215,0,0,0,0,0,0,41.3,0
994,11.859,7.556,0.59,166,4.458,1.217,0,0,0,0,0,0,41.3,0
996,11.859,7.554,0.59,166,4.457,1.22,0,0,0,0,0,0,41.3,0
998,11.853,7.555,0.59,167,4.457,1.222,0,0,0,0,0,0,41.3,0
1000,11.853,7.555,0.59,167,4.457,1.225,0,0,0,0,0,0,41.3,0
1002,11.859,7.555,0.59,167,4.457,1.227,0,0,0,0,0,0,41.3,0
1004,11.853,7.555,0.59,168,4.457,1.23,0,0,0,0,0,0,41.3,0
1006,11.859,7.555,0.59,168,4.457,1.232,0,0,0,0,0,0,41.3,0
1008,11.859,7.555,0.59,168,4.457,1.235,0,0,0,0,0,0,41.3,0
1010,11.859,7.555,0.59,169,4.457,1.237,0,0,0,0,0,0,41.3,0
1012,11.853,7.555,0.59,169,4.457,1.24,0,0,0,0,0,0,41.3,0
1014,11.859,7.555,0.59,169,4.457,1.242,0,0,0,0,0,0,41.3,0
1016,11.859,7.555,0.59,170,4.457,1.245,0,0,0,0,0,0,41.3,0
1018,11.859,7.555,0.59,170,4.457,1.247,0,0,0,0,0,0,41.3,0
1020,11.859,7.557,0.59,171,4.459,1.25,0,0,0,0,0,0,41.3,0
1022,11.866,7.556,0.59,171,4.458,1.252,0,0,0,0,0,0,41.3,0
1024,11.859,7.556,0.59,171,4.458,1.255,0,0,0,0,0,0,41.3,0
1026,11.866,7.553,0.59,172,4.456,1.257,0,0,0,0,0,0,41.3,0
1028,11.853,7.558,0.59,172,4.459,1.26,0,0,0,0,0,0,41.3,0
1030,11.859,7.554,0.59,172,4.457,1.262,0,0,0,0,0,0,41.3,0
1032,11.859,7.558,0.59,173,4.459,1.265,0,0,0,0,0,0,41.3,0
1034,11.859,7.561,0.59,173,4.461,1.267,0,0,0,0,0,0,41.3,0
1036,11.859,7.561,0.59,173,4.461,1.27,0,0,0,0,0,0,41.3,0
1038,11.859,7.56,0.6,174,4.536,1.272,0,0,0,0,0,0,41.3,0
1040,11.859,7.561,0.59,174,4.461,1.275,0,0,0,0,0,0,41.3,0
1042,11.859,7.561,0.59,174,4.461,1.277,0,0,0,0,0,0,41.3,0
1044,11.859,7.561,0.59,175,4.461,1.279,0,0,0,0,0,0,41.3,0
1046,11.866,7.56,0.59,175,4.46,1.282,0,0,0,0,0,0,41.3,0
1048,11.859,7.561,0.59,175,4.461,1.284,0,0,0,0,0,0,41.3,0
1050,11.853,7.569,0.6,176,4.541,1.287,0,0,0,0,0,0,41.3,0
1052,11.859,7.561,0.59,176,4.461,1.289,0,0,0,0,0,0,41.3,0
1054,11.866,7.565,0.59,176,4.463,1.292,0,0,0,0,0,0,41.3,0
1056,11.853,7.563,0.59,177,4.462,1.294,0,0,0,0,0,0,41.3,0
1058,11.859,7.562,0.59,177,4.462,1.297,0,0,0,0,0,0,41.3,0
1060,11.853,7.576,0.6,177,4.546,1.299,0,0,0,0,0,0,41.3,0
1062,11.859,7.562,0.59,178,4.462,1.302,0,0,0,0,0,0,41.3,0
1064,11.859,7.569,0.59,178,4.466,1.304,0,0,0,0,0,0,41.3,0
1066,11.846,7.57,0.6,178,4.542,1.307,0,0,0,0,0,0,41.3,0
1068,11.853,7.569,0.59,179,4.466,1.309,0,0,0,0,0,0,41.3,0
1070,11.866,7.57,0.59,179,4.466,1.312,0,0,0,0,0,0,41.3,0
1072,11.853,7.57,0.6,179,4.542,1.314,0,0,0,0,0,0,41.3,0
1074,11.853,7.571,0.6,180,4.543,1.317,0,0,0,0,0,0,41.3,0
1076,11.853,7.57,0.6,180,4.542,1.319,0,0,0,0,0,0,41.3,0
1078,11.859,7.571,0.59,180,4.467,1.322,0,0,0,0,0,0,41.3,0
1080,11.859,7.571,0.59,181,4.467,1.324,0,0,0,0,0,0,41.3,0
1082,11.853,7.571,0.6,181,4.543,1.327,0,0,0,0,0,0,41.3,0
1084,11.853,7.571,0.59,181,4.467,1.329,0,0,0,0,0,0,41.3,0
1086,11.859,7.572,0.59,182,4.467,1.332,0,0,0,0,0,0,41.3,0
1088,11.859,7.572,0.59,182,4.467,1.334,0,0,0,0,0,0,41.3,0
1090,11.853,7.573,0.59,182,4.468,1.337,0,0,0,0,0,0,41.3,0
1092,11.853,7.573,0.59,183,4.468,1.339,0,0,0,0,0,0,41.3,0
1094,11.853,7.576,0.59,183,4.47,1.342,0,0,0,0,0,0,41.3,0
1096,11.853,7.576,0.59,183,4.47,1.344,0,0,0,0,0,0,41.3,0
1098,11.853,7.576,0.59,184,4.47,1.347,0,0,0,0,0,0,41.3,0
1100,11.853,7.576,0.6,184,4.546,1.349,0,0,0,0,0,0,41.3,0
1102,11.859,7.575,0.6,184,4.545,1.352,0,0,0,0,0,0,41.3,0
1104,11.866,7.574,0.59,185,4.469,1.354,0,0,0,0,0,0,41.3,0
1106,11.859,7.575,0.59,185,4.469,1.357,0,0,0,0,0,0,41.3,0
1108,11.853,7.576,0.59,185,4.47,1.359,0,0,0,0,0,0,41.3,0
1110,11.866,7.575,0.6,186,4.545,1.362,0,0,0,0,0,0,41.3,0
1112,11.853,7.575,0.59,186,4.469,1.364,0,0,0,0,0,0,41.3,0
1114,11.859,7.576,0.59,186,4.47,1.367,0,0,0,0,0,0,41.3,0
1116,11.859,7.575,0.59,187,4.469,1.369,0,0,0,0,0,0,41.3,0
1118,11.859,7.576,0.59,187,4.47,1.372,0,0,0,0,0,0,41.3,0
1120,11.859,7.575,0.59,187,4.469,1.374,0,0,0,0,0,0,41.3,0
1122,11.859,7.576,0.59,188,4.47,1.377,0,0,0,0,0,0,41.3,0
1124,11.859,7.576,0.59,188,4.47,1.379,0,0,0,0,0,0,41.3,0
1126,11.853,7.582,0.6,188,4.549,1.382,0,0,0,0,0,0,41.3,0
1128,11.853,7.579,0.6,189,4.547,1.384,0,0,0,0,0,0,41.3,0
1130,11.853,7.578,0.6,189,4.547,1.387,0,0,0,0,0,0,41.3,0
1132,11.859,7.578,0.59,189,4.471,1.389,0,0,0,0,0,0,41.3,0
1134,11.853,7.578,0.6,190,4.547,1.392,0,0,0,0,0,0,41.3,0
1136,11.853,7.578,0.6,190,4.547,1.394,0,0,0,0,0,0,41.3,0
1138,11.853,7.578,0.59,190,4.471,1.397,0,0,0,0,0,0,41.3,0
1140,11.859,7.578,0.59,191,4.471,1.399,0,0,0,0,0,0,41.3,0
1142,11.859,7.578,0.59,191,4.471,1.402,0,0,0,0,0,0,41.3,0
1144,11.853,7.578,0.59,191,4.471,1.404,0,0,0,0,0,0,41.3,0.1
1146,11.859,7.578,0.59,192,4.471,1.407,0,0,0,0,0,0,41.3,0
1148,11.859,7.578,0.59,192,4.471,1.409,0,0,0,0,0,0,41.3,0
1150,11.853,7.578,0.6,192,4.547,1.412,0,0,0,0,0,0,41.3,0
1152,11.853,7.579,0.6,193,4.547,1.414,0,0,0,0,0,0,41.3,0
1154,11.859,7.579,0.59,193,4.472,1.417,0,0,0,0,0,0,41.3,0
1156,11.853,7.583,0.59,193,4.474,1.419,0,0,0,0,0,0,41.3,0
1158,11.853,7.584,0.59,194,4.475,1.422,0,0,0,0,0,0,41.3,0
1160,11.853,7.584,0.59,194,4.475,1.424,0,0,0,0,0,0,41.3,0
1162,11.853,7.589,0.6,194,4.553,1.427,0,0,0,0,0,0,41.3,0
1164,11.866,7.583,0.6,195,4.55,1.429,0,0,0,0,0,0,41.3,0
1166,11.866,7.582,0.59,195,4.473,1.432,0,0,0,0,0,0,41.3,0
1168,11.859,7.578,0.59,195,4.471,1.434,0,0,0,0,0,0,41.3,0
1170,11.859,7.584,0.59,196,4.475,1.437,0,0,0,0,0,0,41.3,0
1172,11.859,7.59,0.6,196,4.554,1.439,0,0,0,0,0,0,41.3,0
1174,11.859,7.588,0.59,196,4.477,1.442,0,0,0,0,0,0,41.3,0
1176,11.859,7.584,0.59,197,4.475,1.444,0,0,0,0,0,0,41.3,0
1178,11.866,7.59,0.59,197,4.478,1.447,0,0,0,0,0,0,41.3,0
1180,11.859,7.584,0.59,197,4.475,1.449,0,0,0,0,0,0,41.3,0
1182,11.866,7.584,0.59,198,4.475,1.452,0,0,0,0,0,0,41.3,0
1184,11.859,7.584,0.59,198,4.475,1.454,0,0,0,0,0,0,41.3,0
1186,11.859,7.59,0.59,198,4.478,1.457,0,0,0,0,0,0,41.3,0
1188,11.859,7.588,0.59,199,4.477,1.459,0,0,0,0,0,0,41.3,0
1190,11.853,7.6,0.6,199,4.56,1.462,0,0,0,0,0,0,41.3,0
1192,11.859,7.592,0.59,199,4.479,1.464,0,0,0,0,0,0,41.3,0
1194,11.859,7.592,0.59,200,4.479,1.467,0,0,0,0,0,0,41.3,0
1196,11.859,7.593,0.59,200,4.48,1.469,0,0,0,0,0,0,41.5,0
1198,11.866,7.594,0.59,200,4.48,1.472,0,0,0,0,0,0,41.5,0
1200,11.866,7.594,0.59,201,4.48,1.474,0,0,0,0,0,0,41.3,0
1202,11.853,7.594,0.6,201,4.556,1.477,0,0,0,0,0,0,41.3,0
1204,11.853,7.594,0.59,201,4.48,1.479,0,0,0,0,0,0,41.3,0
1206,11.859,7.594,0.59,202,4.48,1.482,0,0,0,0,0,0,41.3,0
1208,11.859,7.594,0.59,202,4.48,1.484,0,0,0,0,0,0,41.3,0
1210,11.853,7.594,0.6,202,4.556,1.487,0,0,0,0,0,0,41.5,0
1212,11.853,7.594,0.59,203,4.48,1.489,0,0,0,0,0,0,41.5,0
1214,11.853,7.596,0.6,203,4.558,1.492,0,0,0,0,0,0,41.3,0
1216,11.853,7.596,0.6,203,4.558,1.494,0,0,0,0,0,0,41.5,0
1218,11.866,7.595,0.59,204,4.481,1.497,0,0,0,0,0,0,41.5,0
1220,11.853,7.596,0.59,204,4.482,1.499,0,0,0,0,0,0,41.3,0
1222,11.859,7.593,0.59,204,4.48,1.502,0,0,0,0,0,0,41.5,0
1224,11.859,7.6,0.59,205,4.484,1.504,0,0,0,0,0,0,41.5,0
1226,11.853,7.6,0.59,205,4.484,1.507,0,0,0,0,0,0,41.5,0
1228,11.866,7.599,0.6,205,4.559,1.509,0,0,0,0,0,0,41.3,0
1230,11.866,7.598,0.6,206,4.559,1.512,0,0,0,0,0,0,41.3,0
1232,11.859,7.597,0.59,206,4.482,1.514,0,0,0,0,0,0,41.5,0
1234,11.853,7.6,0.59,206,4.484,1.517,0,0,0,0,0,0,41.5,0
1236,11.866,7.599,0.6,207,4.559,1.519,0,0,0,0,0,0,41.5,0
1238,11.853,7.598,0.59,207,4.483,1.522,0,0,0,0,0,0,41.5,0
1240,11.859,7.6,0.59,207,4.484,1.524,0,0,0,0,0,0,41.3,0
1242,11.853,7.599,0.59,208,4.483,1.527,0,0,0,0,0,0,41.5,0
1244,11.859,7.6,0.59,208,4.484,1.529,0,0,0,0,0,0,41.8,0
1246,11.853,7.599,0.59,208,4.483,1.532,0,0,0,0,0,0,41.5,0
1248,11.866,7.599,0.59,209,4.483,1.534,0,0,0,0,0,0,41.8,0
1250,11.859,7.6,0.59,209,4.484,1.537,0,0,0,0,0,0,41.5,0
1252,11.853,7.604,0.6,209,4.562,1.539,0,0,0,0,0,0,41.8,0
1254,11.859,7.602,0.59,210,4.485,1.542,0,0,0,0,0,0,41.5,0
1256,11.859,7.602,0.59,210,4.485,1.544,0,0,0,0,0,0,41.5,0
1258,11.853,7.603,0.6,210,4.562,1.547,0,0,0,0,0,0,41.5,0
1260,11.853,7.606,0.6,211,4.564,1.549,0,0,0,0,0,0,41.8,0
1262,11.859,7.604,0.59,211,4.486,1.552,0,0,0,0,0,0,41.5,0
1264,11.866,7.606,0.59,211,4.488,1.554,0,0,0,0,0,0,41.5,0
1266,11.853,7.607,0.6,212,4.564,1.557,0,0,0,0,0,0,41.5,0
1268,11.853,7.606,0.59,212,4.488,1.559,0,0,0,0,0,0,41.5,0
1270,11.853,7.607,0.59,212,4.488,1.562,0,0,0,0,0,0,41.5,0
1272,11.853,7.605,0.59,213,4.487,1.564,0,0,0,0,0,0,41.5,0
1274,11.853,7.607,0.59,213,4.488,1.567,0,0,0,0,0,0,41.8,0
1276,11.853,7.607,0.6,213,4.564,1.569,0,0,0,0,0,0,41.5,0
1278,11.859,7.607,0.59,214,4.488,1.572,0,0,0,0,0,0,41.8,0
1280,11.859,7.607,0.59,214,4.488,1.574,0,0,0,0,0,0,41.8,0
1282,11.853,7.607,0.59,214,4.488,1.577,0,0,0,0,0,0,41.8,0
1284,11.859,7.613,0.59,215,4.492,1.579,0,0,0,0,0,0,41.8,0
1286,11.853,7.614,0.59,215,4.492,1.582,0,0,0,0,0,0,41.8,0
1288,11.853,7.612,0.6,215,4.567,1.584,0,0,0,0,0,0,41.8,0
1290,11.866,7.607,0.6,216,4.564,1.587,0,0,0,0,0,0,41.8,0
1292,11.859,7.607,0.59,216,4.488,1.589,0,0,0,0,0,0,41.8,0
1294,11.859,7.615,0.59,216,4.493,1.592,0,0,0,0,0,0,41.8,0
1296,11.859,7.613,0.6,217,4.568,1.594,0,0,0,0,0,0,42,0
1298,11.853,7.607,0.59,217,4.488,1.597,0,0,0,0,0,0,41.8,0
1300,11.859,7.607,0.59,217,4.488,1.599,0,0,0,0,0,0,41.5,0
1302,11.866,7.607,0.59,218,4.488,1.602,0,0,0,0,0,0,42,0
1304,11.859,7.607,0.59,218,4.488,1.604,0,0,0,0,0,0,41.8,0
1306,11.859,7.609,0.59,218,4.489,1.607,0,0,0,0,0,0,41.8,0
1308,11.859,7.611,0.59,219,4.49,1.609,0,0,0,0,0,0,42,0
1310,11.859,7.621,0.59,219,4.496,1.612,0,0,0,0,0,0,41.8,0
1312,11.859,7.615,0.59,219,4.493,1.614,0,0,0,0,0,0,41.8,0
1314,11.859,7.615,0.59,220,4.493,1.617,0,0,0,0,0,0,41.8,0
1316,11.846,7.622,0.59,220,4.497,1.619,0,0,0,0,0,0,41.8,0
1318,11.859,7.618,0.59,220,4.495,1.622,0,0,0,0,0,0,42,0
1320,11.859,7.617,0.59,221,4.494,1.624,0,0,0,0,0,0,41.8,0
1322,11.853,7.617,0.6,221,4.57,1.627,0,0,0,0,0,0,41.8,0
1324,11.853,7.617,0.59,221,4.494,1.629,0,0,0,0,0,0,42,0
1326,11.859,7.617,0.59,222,4.494,1.632,0,0,0,0,0,0,42,0
1328,11.859,7.617,0.59,222,4.494,1.634,0,0,0,0,0,0,41.8,0
1330,11.859,7.617,0.59,222,4.494,1.637,0,0,0,0,0,0,42,0
1332,11.859,7.618,0.59,223,4.495,1.639,0,0,0,0,0,0,42,0
1334,11.853,7.619,0.59,223,4.495,1.642,0,0,0,0,0,0,41.8,0
1336,11.853,7.619,0.6,223,4.571,1.644,0,0,0,0,0,0,42,0
1338,11.853,7.623,0.59,224,4.498,1.647,0,0,0,0,0,0,42,0
1340,11.853,7.623,0.6,224,4.574,1.649,0,0,0,0,0,0,42,0
1342,11.866,7.622,0.6,224,4.573,1.652,0,0,0,0,0,0,42,0
1344,11.866,7.621,0.6,225,4.573,1.654,0,0,0,0,0,0,42,0
1346,11.866,7.615,0.59,225,4.493,1.657,0,0,0,0,0,0,42,0
1348,11.853,7.621,0.59,225,4.496,1.659,0,0,0,0,0,0,42,0
1350,11.859,7.623,0.59,226,4.498,1.662,0,0,0,0,0,0,42,0
1352,11.859,7.622,0.6,226,4.573,1.664,0,0,0,0,0,0,42,0
1354,11.853,7.621,0.59,226,4.496,1.667,0,0,0,0,0,0,42,0
1356,11.859,7.623,0.59,227,4.498,1.669,0,0,0,0,0,0,42,0
1358,11.859,7.622,0.59,227,4.497,1.672,0,0,0,0,0,0,42.2,0
1360,11.859,7.623,0.59,227,4.498,1.674,0,0,0,0,0,0,42,0
1362,11.859,7.622,0.59,228,4.497,1.677,0,0,0,0,0,0,42.2,0
1364,11.859,7.629,0.6,228,4.577,1.68,0,0,0,0,0,0,42.2,0
1366,11.853,7.629,0.6,228,4.577,1.682,0,0,0,0,0,0,42,0
1368,11.859,7.626,0.59,229,4.499,1.685,0,0,0,0,0,0,42.2,0
1370,11.859,7.625,0.59,229,4.499,1.687,0,0,0,0,0,0,42,0
1372,11.853,7.626,0.6,229,4.576,1.69,0,0,0,0,0,0,42,0
1374,11.853,7.628,0.59,230,4.501,1.692,0,0,0,0,0,0,42,0
1376,11.859,7.629,0.59,230,4.501,1.695,0,0,0,0,0,0,42,0
1378,11.859,7.628,0.59,230,4.501,1.697,0,0,0,0,0,0,42,0
1380,11.859,7.628,0.59,231,4.501,1.7,0,0,0,0,0,0,42,0
1382,11.853,7.637,0.6,231,4.582,1.702,0,0,0,0,0,0,42,0.1
1384,11.853,7.629,0.59,231,4.501,1.705,0,0,0,0,0,0,42,0
1386,11.853,7.637,0.6,232,4.582,1.707,0,0,0,0,0,0,42,0
1388,11.853,7.638,0.6,232,4.583,1.71,0,0,0,0,0,0,42,0
1390,11.866,7.633,0.59,232,4.503,1.712,0,0,0,0,0,0,42,0
1392,11.853,7.63,0.59,233,4.502,1.715,0,0,0,0,0,0,42,0
1394,11.853,7.63,0.59,233,4.502,1.717,0,0,0,0,0,0,42,0
1396,11.853,7.631,0.59,233,4.502,1.72,0,0,0,0,0,0,42.2,0
1398,11.853,7.638,0.59,234,4.506,1.722,0,0,0,0,0,0,42,0
1400,11.866,7.637,0.6,234,4.582,1.725,0,0,0,0,0,0,42.2,0
1402,11.866,7.636,0.6,234,4.582,1.727,0,0,0,0,0,0,42,0
1404,11.853,7.635,0.59,235,4.505,1.73,0,0,0,0,0,0,42.2,0
1406,11.859,7.638,0.59,235,4.506,1.732,0,0,0,0,0,0,42.2,0
1408,11.859,7.638,0.6,235,4.583,1.735,0,0,0,0,0,0,42.2,0
1410,11.853,7.636,0.59,236,4.505,1.737,0,0,0,0,0,0,42,0
1412,11.853,7.638,0.59,236,4.506,1.74,0,0,0,0,0,0,42,0
1414,11.859,7.637,0.59,236,4.506,1.742,0,0,0,0,0,0,42.2,0
1416,11.859,7.638,0.59,237,4.506,1.745,0,0,0,0,0,0,42.2,0
1418,11.859,7.637,0.59,237,4.506,1.747,0,0,0,0,0,0,42.2,0
1420,11.859,7.638,0.59,237,4.506,1.75,0,0,0,0,0,0,42.2,0
1422,11.859,7.645,0.59,238,4.511,1.752,0,0,0,0,0,0,42.2,0
1424,11.859,7.638,0.59,238,4.506,1.755,0,0,0,0,0,0,42.2,0
1426,11.866,7.639,0.59,238,4.507,1.757,0,0,0,0,0,0,42,0
1428,11.853,7.64,0.6,239,4.584,1.76,0,0,0,0,0,0,42.2,0
1430,11.853,7.64,0.59,239,4.508,1.762,0,0,0,0,0,0,42,0
1432,11.866,7.64,0.59,239,4.508,1.765,0,0,0,0,0,0,42.2,0
1434,11.866,7.64,0.59,240,4.508,1.767,0,0,0,0,0,0,42,0
1436,11.859,7.64,0.59,240,4.508,1.77,0,0,0,0,0,0,42.2,0
1438,11.853,7.64,0.6,240,4.584,1.773,0,0,0,0,0,0,42.2,0
1440,11.853,7.642,0.6,241,4.585,1.775,0,0,0,0,0,0,42.2,0
1442,11.866,7.641,0.59,241,4.508,1.778,0,0,0,0,0,0,42.2,0
1444,11.853,7.642,0.59,242,4.509,1.78,0,0,0,0,0,0,42,0
1446,11.853,7.646,0.59,242,4.511,1.783,0,0,0,0,0,0,42.2,0
1448,11.853,7.646,0.6,242,4.588,1.785,0,0,0,0,0,0,42,0
1450,11.866,7.645,0.6,243,4.587,1.788,0,0,0,0,0,0,42.2,0
1452,11.866,7.644,0.6,243,4.586,1.79,0,0,0,0,0,0,42.2,0
1454,11.853,7.643,0.59,243,4.509,1.793,0,0,0,0,0,0,42,0
1456,11.859,7.646,0.59,244,4.511,1.795,0,0,0,0,0,0,42.2,0
1458,11.866,7.645,0.6,244,4.587,1.798,0,0,0,0,0,0,42.2,0
1460,11.859,7.644,0.59,244,4.51,1.8,0,0,0,0,0,0,42.2,0
1462,11.859,7.646,0.59,245,4.511,1.803,0,0,0,0,0,0,42.2,0
1464,11.859,7.645,0.59,245,4.511,1.805,0,0,0,0,0,0,42.2,0
1466,11.859,7.653,0.59,245,4.515,1.808,0,0,0,0,0,0,42.2,0
1468,11.859,7.646,0.59,246,4.511,1.81,0,0,0,0,0,0,42.2,0
1470,11.859,7.653,0.59,246,4.515,1.813,0,0,0,0,0,0,42.2,0
1472,11.853,7.65,0.6,246,4.59,1.815,0,0,0,0,0,0,42.2,0
1474,11.859,7.649,0.59,247,4.513,1.818,0,0,0,0,0,0,42,0
1476,11.853,7.649,0.59,247,4.513,1.82,0,0,0,0,0,0,42.2,0
1478,11.853,7.646,0.59,247,4.511,1.823,0,0,0,0,0,0,42.2,0
1480,11.859,7.653,0.59,248,4.515,1.825,0,0,0,0,0,0,42.2,0
1482,11.859,7.651,0.59,248,4.514,1.828,0,0,0,0,0,0,42.2,0
1484,11.853,7.653,0.6,248,4.592,1.83,0,0,0,0,0,0,42.2,0
1486,11.853,7.656,0.59,249,4.517,1.833,0,0,0,0,0,0,42.2,0
1488,11.853,7.661,0.59,249,4.52,1.835,0,0,0,0,0,0,42.2,0
1490,11.853,7.655,0.6,249,4.593,1.838,0,0,0,0,0,0,42.2,0
1492,11.859,7.654,0.59,250,4.516,1.841,0,0,0,0,0,0,42.2,0
1494,11.853,7.655,0.59,250,4.516,1.843,0,0,0,0,0,0,42.2,0
1496,11.866,7.66,0.6,250,4.596,1.846,0,0,0,0,0,0,42.2,0
1498,11.866,7.658,0.6,251,4.595,1.848,0,0,0,0,0,0,42.2,0
1500,11.866,7.655,0.6,251,4.593,1.851,0,0,0,0,0,0,42.2,0
1502,11.859,7.654,0.59,251,4.516,1.853,0,0,0,0,0,0,42.2,0
1504,11.853,7.659,0.59,252,4.519,1.856,0,0,0,0,0,0,42.2,0
1506,11.853,7.661,0.59,252,4.52,1.858,0,0,0,0,0,0,42.2,0
1508,11.866,7.659,0.59,252,4.519,1.861,0,0,0,0,0,0,42.2,0
1510,11.859,7.659,0.59,253,4.519,1.863,0,0,0,0,0,0,42.2,0
1512,11.859,7.661,0.6,253,4.597,1.866,0,0,0,0,0,0,42.2,0
1514,11.859,7.66,0.59,253,4.519,1.868,0,0,0,0,0,0,42.2,0
1516,11.853,7.66,0.59,254,4.519,1.871,0,0,0,0,0,0,42.2,0
1518,11.859,7.661,0.59,254,4.52,1.873,0,0,0,0,0,0,42.2,0
1520,11.853,7.664,0.6,254,4.598,1.876,0,0,0,0,0,0,42.2,0
1522,11.859,7.663,0.59,255,4.521,1.878,0,0,0,0,0,0,42.2,0
1524,11.846,7.663,0.6,255,4.598,1.881,0,0,0,0,0,0,42.2,0
1526,11.859,7.663,0.59,255,4.521,1.883,0,0,0,0,0,0,42.2,0
1528,11.859,7.663,0.59,256,4.521,1.886,0,0,0,0,0,0,42.2,0
1530,11.859,7.663,0.59,256,4.521,1.889,0,0,0,0,0,0,42.2,0
1532,11.846,7.663,0.6,256,4.598,1.891,0,0,0,0,0,0,42.2,0
1534,11.853,7.664,0.59,257,4.522,1.894,0,0,0,0,0,0,42.2,0
1536,11.853,7.664,0.59,257,4.522,1.896,0,0,0,0,0,0,42.2,0
1538,11.853,7.665,0.59,257,4.522,1.899,0,0,0,0,0,0,42.2,0
1540,11.853,7.665,0.59,258,4.522,1.901,0,0,0,0,0,0,42.2,0
1542,11.853,7.668,0.59,258,4.524,1.904,0,0,0,0,0,0,42.2,0
1544,11.866,7.667,0.59,258,4.524,1.906,0,0,0,0,0,0,42.2,0
1546,11.853,7.666,0.59,259,4.523,1.909,0,0,0,0,0,0,42.2,0
1548,11.859,7.663,0.59,259,4.521,1.911,0,0,0,0,0,0,42.2,0
1550,11.859,7.669,0.59,259,4.525,1.914,0,0,0,0,0,0,42.2,0
1552,11.853,7.669,0.6,260,4.601,1.916,0,0,0,0,0,0,42.2,0
1554,11.853,7.669,0.59,260,4.525,1.919,0,0,0,0,0,0,42.2,0
1556,11.859,7.669,0.59,260,4.525,1.921,0,0,0,0,0,0,42.2,0
1558,11.866,7.669,0.6,261,4.601,1.924,0,0,0,0,0,0,42.2,0
1560,11.859,7.669,0.59,261,4.525,1.926,0,0,0,0,0,0,42.2,0
1562,11.853,7.669,0.59,261,4.525,1.929,0,0,0,0,0,0,42.2,0
1564,11.859,7.675,0.59,262,4.528,1.931,0,0,0,0,0,0,42.2,0
1566,11.859,7.669,0.59,262,4.525,1.934,0,0,0,0,0,0,42.2,0
1568,11.859,7.671,0.59,262,4.526,1.936,0,0,0,0,0,0,42.2,0
1570,11.846,7.672,0.59,263,4.526,1.939,0,0,0,0,0,0,42.2,0
1572,11.859,7.672,0.59,263,4.526,1.941,0,0,0,0,0,0,42.2,0
1574,11.859,7.673,0.59,263,4.527,1.944,0,0,0,0,0,0,42.2,0
1576,11.859,7.675,0.59,264,4.528,1.946,0,0,0,0,0,0,42.2,0
1578,11.853,7.677,0.59,264,4.529,1.949,0,0,0,0,0,0,42.2,0
1580,11.866,7.677,0.59,264,4.529,1.951,0,0,0,0,0,0,42.2,0
1582,11.853,7.678,0.59,265,4.53,1.954,0,0,0,0,0,0,42.2,0
1584,11.853,7.679,0.6,265,4.607,1.957,0,0,0,0,0,0,42.2,0
1586,11.859,7.679,0.6,265,4.607,1.959,0,0,0,0,0,0,42.2,0
1588,11.866,7.677,0.6,266,4.606,1.962,0,0,0,0,0,0,42.2,0
1590,11.866,7.677,0.59,266,4.529,1.964,0,0,0,0,0,0,42.2,0
1592,11.853,7.678,0.59,266,4.53,1.967,0,0,0,0,0,0,42.2,0
1594,11.853,7.679,0.59,267,4.531,1.969,0,0,0,0,0,0,42.2,0
1596,11.859,7.684,0.59,267,4.534,1.972,0,0,0,0,0,0,42.2,0
1598,11.866,7.683,0.6,267,4.61,1.974,0,0,0,0,0,0,42.2,0
1600,11.853,7.683,0.59,268,4.533,1.977,0,0,0,0,0,0,42.2,0
1602,11.853,7.684,0.59,268,4.534,1.979,0,0,0,0,0,0,42.2,0
1604,11.859,7.683,0.59,268,4.533,1.982,0,0,0,0,0,0,42.2,0
1606,11.859,7.683,0.59,269,4.533,1.984,0,0,0,0,0,0,42.2,0
1608,11.859,7.684,0.59,269,4.534,1.987,0,0,0,0,0,0,42.2,0
1610,11.859,7.688,0.59,269,4.536,1.989,0,0,0,0,0,0,42.2,0
1612,11.846,7.686,0.6,270,4.612,1.992,0,0,0,0,0,0,42.2,0
1614,11.853,7.686,0.59,270,4.535,1.995,0,0,0,0,0,0,42.2,0
1616,11.853,7.686,0.59,270,4.535,1.997,0,0,0,0,0,0,42.2,0
1618,11.859,7.686,0.59,271,4.535,2,0,0,0,0,0,0,42.2,0
1620,11.853,7.687,0.6,271,4.612,2.002,0,0,0,0,0,0,42.2,0
1622,11.853,7.687,0.59,271,4.535,2.005,0,0,0,0,0,0,42.2,0
1624,11.853,7.687,0.59,272,4.535,2.007,0,0,0,0,0,0,42.2,0
1626,11.853,7.688,0.59,272,4.536,2.01,0,0,0,0,0,0,42.2,0
1628,11.853,7.692,0.6,272,4.615,2.012,0,0,0,0,0,0,42.2,0
1630,11.859,7.691,0.59,273,4.538,2.015,0,0,0,0,0,0,42.2,0
1632,11.853,7.692,0.59,273,4.538,2.017,0,0,0,0,0,0,42.2,0
1634,11.859,7.692,0.59,273,4.538,2.02,0,0,0,0,0,0,42.2,0
1636,11.853,7.698,0.59,274,4.542,2.022,0,0,0,0,0,0,42.2,0
1638,11.859,7.698,0.6,274,4.619,2.025,0,0,0,0,0,0,42.2,0
1640,11.866,7.692,0.59,274,4.538,2.027,0,0,0,0,0,0,42.2,0
1642,11.859,7.692,0.59,275,4.538,2.03,0,0,0,0,0,0,42.2,0
1644,11.859,7.692,0.6,275,4.615,2.032,0,0,0,0,0,0,42.2,0
1646,11.859,7.694,0.59,275,4.539,2.035,0,0,0,0,0,0,42.2,0
1648,11.859,7.7,0.6,276,4.62,2.038,0,0,0,0,0,0,42.2,0
1650,11.859,7.697,0.59,276,4.541,2.04,0,0,0,0,0,0,42.2,0
1652,11.859,7.699,0.59,276,4.542,2.043,0,0,0,0,0,0,42.2,0
1654,11.859,7.7,0.59,277,4.543,2.045,0,0,0,0,0,0,42.2,0
1656,11.853,7.7,0.59,277,4.543,2.048,0,0,0,0,0,0,42.2,0
1658,11.859,7.7,0.59,277,4.543,2.05,0,0,0,0,0,0,42.2,0
1660,11.859,7.7,0.59,278,4.543,2.053,0,0,0,0,0,0,42.2,0
1662,11.859,7.706,0.59,278,4.547,2.055,0,0,0,0,0,0,42.2,0
1664,11.853,7.707,0.6,278,4.624,2.058,0,0,0,0,0,0,42.2,0
1666,11.853,7.707,0.6,279,4.624,2.06,0,0,0,0,0,0,42.2,0
1668,11.859,7.704,0.59,279,4.545,2.063,0,0,0,0,0,0,42.2,0
1670,11.859,7.703,0.59,279,4.545,2.065,0,0,0,0,0,0,42.2,0
1672,11.866,7.707,0.6,280,4.624,2.068,0,0,0,0,0,0,42.2,0
1674,11.859,7.706,0.6,280,4.624,2.071,0,0,0,0,0,0,42.2,0
1676,11.866,7.7,0.59,280,4.543,2.073,0,0,0,0,0,0,42.2,0
1678,11.859,7.706,0.59,281,4.547,2.076,0,0,0,0,0,0,42.2,0
1680,11.859,7.708,0.59,281,4.548,2.078,0,0,0,0,0,0,42.2,0
1682,11.866,7.707,0.6,281,4.624,2.081,0,0,0,0,0,0,42.2,0
1684,11.859,7.706,0.59,282,4.547,2.083,0,0,0,0,0,0,42.2,0
1686,11.859,7.708,0.6,282,4.625,2.086,0,0,0,0,0,0,42.2,0
1688,11.859,7.708,0.59,282,4.548,2.088,0,0,0,0,0,0,42.2,0
1690,11.853,7.707,0.59,283,4.547,2.091,0,0,0,0,0,0,42.2,0
1692,11.859,7.711,0.59,283,4.549,2.093,0,0,0,0,0,0,42.2,0
1694,11.859,7.71,0.59,283,4.549,2.096,0,0,0,0,0,0,42.2,0
1696,11.853,7.71,0.59,284,4.549,2.098,0,0,0,0,0,0,42.2,0
1698,11.859,7.71,0.59,284,4.549,2.101,0,0,0,0,0,0,42.2,0
1700,11.859,7.71,0.59,285,4.549,2.103,0,0,0,0,0,0,42.2,0
1702,11.853,7.71,0.59,285,4.549,2.106,0,0,0,0,0,0,42.2,0
1704,11.866,7.71,0.59,285,4.549,2.109,0,0,0,0,0,0,42.2,0
1706,11.859,7.711,0.59,285,4.549,2.111,0,0,0,0,0,0,42.2,0
1708,11.853,7.714,0.6,286,4.628,2.114,0,0,0,0,0,0,42.2,0
1710,11.853,7.714,0.6,286,4.628,2.116,0,0,0,0,0,0,42.2,0
1712,11.853,7.709,0.59,286,4.548,2.119,0,0,0,0,0,0,42.2,0.1
1714,11.853,7.715,0.59,287,4.552,2.121,0,0,0,0,0,0,42.2,0
1716,11.853,7.723,0.59,287,4.557,2.124,0,0,0,0,0,0,42.2,0
1718,11.859,7.721,0.6,287,4.633,2.126,0,0,0,0,0,0,42.2,0
1720,11.859,7.72,0.59,288,4.555,2.129,0,0,0,0,0,0,42.2,0
1722,11.853,7.718,0.59,288,4.554,2.131,0,0,0,0,0,0,42.2,0
1724,11.866,7.716,0.59,288,4.552,2.134,0,0,0,0,0,0,42.2,0
1726,11.859,7.721,0.59,289,4.555,2.137,0,0,0,0,0,0,42.2,0
1728,11.853,7.722,0.59,289,4.556,2.139,0,0,0,0,0,0,42.2,0
1730,11.846,7.727,0.6,289,4.636,2.142,0,0,0,0,0,0,42.2,0
1732,11.846,7.724,0.6,290,4.634,2.144,0,0,0,0,0,0,42.2,0
1734,11.846,7.724,0.59,290,4.557,2.147,0,0,0,0,0,0,42.2,0
1736,11.859,7.725,0.59,290,4.558,2.149,0,0,0,0,0,0,42.2,0
1738,11.859,7.724,0.59,291,4.557,2.152,0,0,0,0,0,0,42.2,0
1740,11.853,7.725,0.6,291,4.635,2.154,0,0,0,0,0,0,42.2,0
1742,11.853,7.725,0.6,291,4.635,2.157,0,0,0,0,0,0,42.2,0
1744,11.859,7.726,0.59,292,4.558,2.159,0,0,0,0,0,0,42.2,0
1746,11.859,7.726,0.59,292,4.558,2.162,0,0,0,0,0,0,42.2,0
1748,11.859,7.729,0.6,292,4.637,2.165,0,0,0,0,0,0,42.2,0
1750,11.859,7.723,0.59,293,4.557,2.167,0,0,0,0,0,0,42.2,0
1752,11.853,7.723,0.59,293,4.557,2.17,0,0,0,0,0,0,42.2,0
1754,11.853,7.729,0.59,293,4.56,2.172,0,0,0,0,0,0,42.2,0
1756,11.859,7.731,0.59,294,4.561,2.175,0,0,0,0,0,0,42.2,0
1758,11.866,7.73,0.59,294,4.561,2.177,0,0,0,0,0,0,42.2,0
1760,11.853,7.731,0.59,294,4.561,2.18,0,0,0,0,0,0,42.2,0
1762,11.859,7.73,0.59,295,4.561,2.182,0,0,0,0,0,0,42.2,0
1764,11.859,7.738,0.61,295,4.72,2.185,0,0,0,0,0,0,42.2,0
1766,11.859,7.736,0.59,296,4.564,2.187,0,0,0,0,0,0,42.2,0
1768,11.846,7.734,0.6,296,4.64,2.19,0,0,0,0,0,0,42.2,0
1770,11.853,7.734,0.59,296,4.563,2.193,0,0,0,0,0,0,42.2,0
1772,11.859,7.734,0.59,297,4.563,2.195,0,0,0,0,0,0,42.2,0
1774,11.859,7.734,0.59,297,4.563,2.198,0,0,0,0,0,0,42.2,0
1776,11.859,7.734,0.59,297,4.563,2.2,0,0,0,0,0,0,42.2,0
1778,11.853,7.735,0.59,298,4.564,2.203,0,0,0,0,0,0,42.2,0
1780,11.853,7.737,0.6,298,4.642,2.205,0,0,0,0,0,0,42.2,0
1782,11.866,7.738,0.59,298,4.565,2.208,0,0,0,0,0,0,42.2,0
1784,11.853,7.737,0.59,299,4.565,2.21,0,0,0,0,0,0,42.2,0
1786,11.853,7.745,0.59,299,4.57,2.213,0,0,0,0,0,0,42.2,0
1788,11.853,7.738,0.59,299,4.565,2.215,0,0,0,0,0,0,42.2,0
1790,11.866,7.743,0.6,300,4.646,2.218,0,0,0,0,0,0,42.2,0
1792,11.853,7.738,0.59,300,4.565,2.221,0,0,0,0,0,0,42.2,0
1794,11.866,7.74,0.6,300,4.644,2.223,0,0,0,0,0,0,42.2,0
1796,11.853,7.744,0.59,301,4.569,2.226,0,0,0,0,0,0,42.2,0
